,category,price,gov,market,intrinsic,extrinsic,News
160,1,2,1,0,0,0,"5 ĐỀ XUẤT DOANH NGHIỆP NGÀNH LÚA GẠO KIẾN NGHỊ KHẨN TỔ CÔNG TÁC ĐẶC BIỆT Tạo chính sách luồng xanh trong lưu thông lúa gạo đường thuỷ nội địa theo hai cung đường: cánh đồng về nhà máy, nhà máy đến các cảng logistic là 1 trong 5 kiến nghị khẩn của doanh nghiệp ngành hàng lúa gạo.
"
50,1,1,0,1,0,0,"VIỆT NAM NHẬP GẦN 1 TRIỆU TẤN GẠO: CẦN KIỂM SOÁT CHẶT Các doanh nghiệp cho rằng cơ quan chức năng cần kiểm soát chặt gạo cấp thấp nhập khẩu vào Việt Nam để tránh nguy cơ gian lận.
"
329,1,0,0,0,0,0,"TỪ 0H NGÀY 23/4, GẠO NẾP CHÍNH THỨC ĐƯỢC XUẤT KHẨU BÌNH THƯỜNG Số lượng thóc nếp, gạo nếp, tấm nếp xuất khẩu không tính trong hạn ngạch gạo xuất khẩu. Việc đăng kí tờ khai hải quan xuất khẩu được thực hiện từ 0 giờ ngày 23/4/2020.
"
128,1,2,0,0,2,0,"ĐẮK LẮK: HỘI THẢO TÌM GIẢI PHÁP NÂNG CAO GIÁ TRỊ LÚA GẠO VÙNG TÂY NGUYÊN Ngày 26/3, Sở Nông nghiệp và Phát triển Nông thôn, UBND huyện EaKar và Công ty Cổ phần XNK Nông sản Thiên Anh phối hợp tổ chức Hội thảo tìm giải pháp nâng cao giá trị lúa gạo vùng Tây Nguyên.
"
233,1,0,0,0,2,0,"LAN TỎA SẢN XUẤT LÚA SẠCH, CHUẨN GAP Ở ĐỒNG BẰNG SÔNG CỬU LONG ĐBSCL đang đẩy mạnh chương trình phát triển lúa gạo an toàn, đạt tiêu chuẩn VietGAP, GlobalGAP, gắn với liên kết tiêu thụ theo chuỗi giá trị.
"
334,1,0,0,0,0,0,"XUẤT KHẨU GẠO ẤN ĐỘ BỊ TRÌ HOÃN DO GIÁN ĐOẠN CHUỖI CÔNG NGHIỆP - CUNG ỨNG Xuất khẩu gạo Ấn Độ bị trì hoãn do gián đoạn chuỗi công nghiệp - cung ứng
"
164,1,2,3,0,0,1,"CHÍNH QUYỀN VÀ DOANH NGHIỆP CHUNG TAY KHÔNG ĐỂ ĐỨT GÃY CHUỖI NGÀNH HÀNG LÚA GẠO Trong bối cảnh dịch Covid-19 diễn biến phức tạp, bốn tỉnh khu vực ĐBSCL thống nhất việc hỗ trợ, tạo điều kiện thuận lợi cho nông dân, thương lái, công nhân, phương tiện trong sản xuất, thu hoạch, vận chuyển… để chuỗi ngành hàng lúa gạo không bị đứt gãy.
"
124,1,3,0,0,0,0,"GIÁ LÚA ĐỒNG BẰNG SÔNG CỬU LONG ĐỒNG LOẠT TĂNG Số liệu từ Hiệp hội Lương thực Việt Nam cho thấy, trong tuần qua, giá lúa gạo ở khu vực Đồng bằng sông Cửu Long đã đồng loạt tăng, sau 1 tuần chững lại trước đó.
"
260,1,3,0,3,0,1,"GẠO THÁI TĂNG GIÁ, TRONG KHI CÁC NHÀ XUẤT KHẨU ẤN ĐỘ ĐAU ĐẦU VÌ COVID-19 Giá gạo xuất khẩu của Thái Lan trong tuần này vì những cơn mưa trái mùa dấy lên lo ngại về nguồn cung, trong khi tình hình đại dịch COVID-19 ngày càng tồi tệ tại Ấn Độ gây ra nhiều vấn đề hậu cần cho các nhà xuất khẩu.
"
96,1,3,0,0,0,0,"SAU LÚA MỲ, GIÁ GẠO CÓ THỂ SẼ TĂNG VỌT TRÊN TOÀN CẦU Giá nhiều loại lương thực, thực phẩm đã tăng trong vài tháng qua. Gạo - một loại lương thực chính ở phần lớn châu Á - có thể là mặt hàng tiếp theo tăng giá.
"
229,1,1,0,1,0,0,"GẠO VIỆT RỚT GIÁ TUẦN QUA VÌ BẮT ĐẦU VỤ THU HOẠCH MỚI, PHILIPPINES DỪNG THU MUA Giá gạo xuất khẩu giảm tại các trung tâm xuất khẩu hàng đầu trong tuần này, với giá gạo Việt Nam kéo dài đà giảm vì Philippines ngừng mua và vụ thu hoạch mới bắt đầu gây thêm áp lực cho thị trường.
"
208,1,3,0,0,0,0,"DỰ KIẾN THÁNG 1/2021 GIÁ GẠO TIẾP TỤC GIỮ VỮNG Ở MỨC CAO Xuất khẩu gạo cả năm 2020 đạt 6,15 triệu tấn và 3,07 tỷ USD, giảm 3,5% về khối lượng nhưng tăng 9,3% về giá trị so với năm 2019 nhờ giá xuất khẩu tăng cao.
"
254,1,3,0,0,0,1,"KHÔNG CHỊU TÁC ĐỘNG DỊCH COVID-19, THẾ MẠNH SỐ 1 VIỆT NAM VẪN THU ĐÔ LA ĐỀU TAY Gạo là một trong số ít mặt hàng nông sản giữ được nhịp độ tăng trưởng xuất khẩu trong 7 tháng năm 2020. Trước những dự báo khá sáng sủa về thị trường, hiện, nông dân đồng bằng sông Cửu Long (ĐBSCL) đang tăng tốc sản xuất lúa thu đông với diện tích tăng thêm so với vụ trước khoảng 50.000ha.
"
81,1,1,2,0,0,0,"XUẤT KHẨU GẠO VIỆT NAM NHIỀU LẠC QUAN NHỜ HƯỞNG LỢI TỪ HIỆP ĐỊNH EVFTA Xuất khẩu gạo của Việt Nam hưởng nhiều lợi thế nhờ Hiệp định thương mại tự do Việt Nam - châu Âu (EVFTA) mang lại.
"
230,1,3,0,0,0,0,"126 TẤN GẠO THƠM GIỐNG JASMINE 85 LÊN ĐƯỜNG SANG EU 126 tấn gạo thơm giống Jasmine 85 được đóng gói theo quy cách 18 kg, sẽ lên đường sang thị trường châu Âu vào cuối tháng 9/2020.
"
35,0,0,0,0,0,0,"2 THÁNG ĐẦU NĂM 2023, XUẤT KHẨU GỖ VÀ SẢN PHẨM GỖ GIẢM 2 CON SỐ 2 tháng đầu năm 2023, xuất khẩu gỗ và sản phẩm gỗ ước đạt 1,6 tỷ USD, giảm 34,8% so với cùng kỳ năm 2022.
"
262,1,3,1,0,0,0,"EU ÁP THUẾ MỘT SỐ HÀNG HÓA CỦA CAMPUCHIA ƯỚC TÍNH 1 TỈ EUR Tổng giá trị ảnh hưởng sẽ chiếm 1/5 tổng lượng hàng xuất sang EU, tương đương 1 tỉ EUR hàng xuất khẩu hàng năm của Campuchia sang EU.
"
165,1,3,0,1,0,0,"MIỀN TÂY NGUY CƠ ĐỨT GÃY CHUỖI CUNG ỨNG LÚA GẠO Thương lái bỏ cọc, nông dân khó bán lúa, nhà máy chạy cầm chừng, doanh nghiệp ngại xuất khẩu gạo… đang đe doạ sự đứt gãy chuỗi cung ứng lúa gạo ở miền Tây.
"
161,1,0,0,0,0,0,"HÀN QUỐC MỞ THẦU MUA HƠN 42.000 TẤN GẠO Thời hạn doanh nghiệp đăng ký đấu thầu cung cấp gạo cho Hàn Quốc là trước 15h00 ngày 8/9/2021 (theo giờ Hàn Quốc).
"
264,1,1,0,3,0,1,"TRIỂN VỌNG XUẤT KHẨU GẠO THÁI TIẾP TỤC ẢM ĐẠM TRONG NỬA CUỐI NĂM 2020 Nhu cầu chậm lại trên thế giới do đại dịch COVID-19 khiến triển vọng xuất khẩu gạo Thái Lan không mấy sáng sủa trong nửa sau năm nay.
"
272,1,2,0,0,1,0,"ĐBSCL THU HOẠCH 184.000 HA LÚA HÈ THU SỚM, TĂNG 9,8% SO VỚI CÙNG KÌ NĂM 2019 Hiện nay, lúa hè thu ở các địa phương phía Bắc đang trong giai đoạn đẻ nhánh đến chắc xanh; ở các địa phương phía Nam đang vào giai đoạn đẻ nhánh, làm đòng đến trỗ chín, cây lúa sinh trưởng và phát triển tương đối tốt.
"
256,1,3,0,3,0,0,"TT LÚA GẠO CHÂU Á TUẦN 30/7-6/8: GIÁ GẠO VIỆT NAM CAO NHẤT 2 THÁNG, GẠO THÁI VỮNG Giá gạo xuất khẩu của Việt Nam tăng lên mức cao kỷ lục 2 tháng do nguồn cung ít đi, trong khi gạo Thái Lan vững giá do nội tệ mạnh lên mặc dù nhu cầu yếu.
"
5,1,2,3,2,0,0,"BỘ CÔNG THƯƠNG BAN HÀNH CHỈ THỊ VỀ XUẤT KHẨU GẠO VÀ BÌNH ỔN THỊ TRƯỜNG TRONG NƯỚC Chỉ thị mới của bộ Công Thương nhằm giúp công tác điều hành xuất khẩu gạo đảm bảo mục tiêu tiêu thụ thóc, gạo hàng hóa; cân đối xuất khẩu và tiêu dùng nội địa."
142,1,0,0,0,0,0,"KHUYẾN CÁO VỤ LÚA ĐÔNG XUÂN Ở ĐBSCL XUỐNG GIỐNG DỨT ĐIỂM THÁNG 12 Ngành chức năng khuyến cáo, các địa phương cần bố trí lịch thời vụ xuống giống tập trong các tháng 10 và 11, trễ lắm trong tháng 12 là phải dứt điểm.
"
122,1,3,0,3,0,0,"XUẤT KHẨU GẠO 2 THÁNG ĐẦU NĂM 2022 TĂNG MẠNH 2 tháng đầu năm 2022 lượng gạo xuất khẩu của cả nước đạt 974.556 tấn (tăng mạnh 48,6% so với 2 tháng đầu năm 2021), thu về gần 469,26 triệu USD (tăng 30,6%)
"
42,1,3,0,3,0,3,"GẠO VIỆT TỰ TIN CHINH PHỤC THẾ GIỚI Dự tính, trong tháng 12, Việt Nam sẽ xuất khẩu khoảng hơn 600.000 tấn gạo. Với đà này, năm 2022, xuất khẩu gạo nhiều khả năng đạt hơn 7 triệu tấn, trị giá gần 4 tỷ USD. Đây là con số ấn tượng trong bối cảnh kinh tế thế giới suy giảm, lạm phát kéo dài, cũng là minh chứng cho những nỗ lực, bứt phá của ngành nông sản Việt Nam nói chung, lúa gạo nói riêng.
"
308,1,0,1,0,0,0,"VỪA 'XÙ' KÍ HỢP ĐỒNG, LẠI TRÚNG THẦU GẠO DỰ TRỮ QUỐC GIA Một số doanh nghiệp từng “xù” kí hợp đồng gạo dự trữ quốc gia năm 2020 hồi tháng 3-2020 lại tiếp tục trúng thầu trong lần đấu thầu mới, theo thông báo hôm 18-5 của Tổng cục dự trữ Nhà nước.
"
226,1,3,0,0,2,0,"GẠO ST25 ĐẠT GIẢI NGON NHẤT VIỆT NAM, TIẾP TỤC DỰ ĐẤU TRƯỜNG QUỐC TẾ Sau khi đoạt giải gạo ngon nhất thế giới năm 2019, gạo ST25 vừa đạt giải Nhất ""Cuộc thi gạo ngon Việt Nam lần II' - năm 2020 và chuẩn bị tham dự Cuộc thi gạo ngon thế giới năm 2020 diễn ra tại Mỹ vào tháng 12 tới.
"
3,1,0,1,0,0,0,"GIỮ THƯƠNG HIỆU GẠO VIỆT GIỮA BIẾN ĐỘNG LƯƠNG THỰC TOÀN CẦU Bộ trưởng Bộ Công Thương Nguyễn Hồng Diên nhiều lần nhấn mạnh đến sự hợp tác giữa các bộ, ngành, doanh nghiệp, địa phương sao cho việc tổ chức sản xuất lúa gạo thông suốt qua các chuỗi giá trị bền vững."
304,1,0,0,0,0,0,"TOP 10 NƯỚC NHẬP KHẨU GẠO VIỆT NAM NHIỀU NHẤT 4 THÁNG ĐẦU NĂM 2020 Philippines luôn dẫn đầu về thị trường tiêu thụ gạo của Việt Nam, đạt trên 902 nghìn tấn, tương đương 401 triệu USD; tăng 10,8% về lượng, tăng 25,2% về kim ngạch so với 4 tháng đầu năm ngoái.
"
52,1,3,0,3,0,0,"GIÁ GẠO VIỆT TĂNG MẠNH, DỰ BÁO LẬP KỶ LỤC XUẤT KHẨU 4 TỶ USD Giá gạo xuất khẩu của Việt Nam tiếp tục tăng mạnh trong những ngày gần đây. Đặc biệt, trước nhu cầu lớn từ các thị trường vào dịp cuối năm, các doanh nghiệp Việt đang đầy ắp đơn hàng, dự báo xuất khẩu gạo cả năm có thể đạt hơn 7 triệu tấn với trị giá kỷ lục gần 4 tỷ USD.
"
174,1,0,0,0,0,0,"NHẬP GẠO ẤN ĐỘ TĂNG ĐỘT BIẾN, HỎA TỐC LẬP ĐOÀN KIỂM TRA 5 DOANH NGHIỆP Bộ Công Thương vừa lập đoàn công tác, kiểm tra việc thi hành pháp luật về xuất nhập khẩu gạo tại 5 doanh nghiệp xuất nhập khẩu gạo trong nước.
"
172,1,1,0,0,0,0,GIÁ LÚA MIỀN TÂY ĐỒNG LOẠT GIẢM GIÁ LÚA MIỀN TÂY ĐỒNG LOẠT GIẢM
211,1,0,0,0,0,0,"VIỆT NAM NHẬP KHẨU GẠO TỪ ĐỐI THỦ ẤN ĐỘ ĐỂ PHỤC VỤ CHĂN NUÔI VÀ SẢN XUẤT BIA Gạo nhập khẩu từ Ấn Độ chủ yếu được sử dụng để sản xuất thức ăn chăn nuôi và cho các nhà máy bia, Reuters dẫn lời một thương nhân kinh doanh gạo tại TP HCM.
"
127,1,0,1,0,0,0,"AN GIANG CẤP MÃ SỐ VÙNG TRỒNG CHO CÁC LOẠI CÂY TRỒNG Theo Chi cục Trồng trọt và Bảo vệ thực vật thuộc Sở Nông nghiệp và Phát triển nông thôn tỉnh An Giang, đến nay toàn tỉnh đã cấp 20 mã số cho các cơ sở đóng gói và 180 mã số vùng trồng trên các loại cây ăn trái và lúa.
"
332,1,2,1,2,1,1,"NGÀNH LÚA GẠO NIGERIA ĐẢM BẢO ĐỦ GẠO TRONG THỜI GIAN PHONG TỎA Hiệp hội nông dân trồng lúa Nigeria (RIFAN) đã đảm bảo với chính phủ Nigeria rằng việc phong tỏa hiện tại do sự lây lan của COVID-19 sẽ không ảnh hưởng đến sản xuất và cung ứng gạo ở nước này.
"
322,1,2,1,0,0,0,"XUẤT KHẨU GẠO NHƯNG PHẢI ĐẢM BẢO AN NINH LƯƠNG THỰC QUỐC GIA Yêu cầu các Bộ, ngành, địa phương tạo điều kiện thuận lợi nhất cho người dân, doanh nghiệp xuất khẩu gạo nhưng phải đảo bảo “an ninh lương thực quốc gia”.
"
190,1,3,1,3,0,1,"THÁI LAN VÀ INDONESIA SẼ KÝ THỎA THUẬN MUA BÁN 1 TRIỆU TẤN GẠO VÀO CUỐI THÁNG 3 Indonesia phải đối mặt với việc thiếu hụt nguồn cung gạo trong nước do thiên tai và ảnh hưởng dịch COVID-19 khiến nước này phải nhập khẩu gạo để phục vụ nhu cầu trong nước và bình ổn giá gạo.
"
114,1,3,0,3,0,0,"ĐÓN THỜI CƠ TĂNG TRƯỞNG XUẤT KHẨU GẠO Theo Bộ Nông nghiệp và Phát triển nông thôn, quý I/2022, kim ngạch xuất khẩu gạo cả nước đạt 715 triệu USD, tăng 10,5% so với cùng kỳ năm 2021. Dự báo, nhu cầu dự trữ lương thực của nhiều quốc gia trên thế giới vẫn tiếp tục tăng trong thời gian tới; cùng đó là gạo Việt Nam ngày càng khẳng định được ưu thế, uy tín trên thị trường quốc tế nên cơ hội tăng trưởng xuất khẩu cho ngành hàng gạo đang rất rộng mở.
"
55,1,3,2,3,0,0,"XUẤT KHẨU GẠO VIỆT NAM SANG BẮC ÂU TĂNG TRƯỞNG ĐẾN 73% NHỜ HIỆP ĐỊNH EVFTA Xuất khẩu gạo sang Bắc Âu đã đạt tốc độ tăng trưởng rất ấn tượng, trung bình 73%/năm trong giai đoạn 2017-2021.
"
185,1,3,1,0,2,0,"CHA ĐẺ' GẠO ST25 MUỐN NHƯỢNG LẠI BẢN QUYỀN GIỐNG CHO NHÀ NƯỚC Thứ trưởng Nông nghiệp & Phát triển Nông thôn cho biết, ông Hồ Quang Cua muốn nhượng lại bản quyền và Bộ sẽ tính nguồn tiền, xin phép Chính phủ mua lại.
"
309,1,0,1,0,0,0,"CAMPUCHIA CHO PHÉP XUẤT KHẨU LẠI GẠO TRẮNG TỪ NGÀY 20/5/2020 Chính phủ Campuchia sẽ cho phép xuất khẩu gạo trắng trở lại bắt đầu từ ngày 20/5/2020.
"
46,1,3,0,3,0,0,"ĐÀI LOAN TĂNG MUA GẠO VIỆT Năm 2022, Đài Loan nhập gạo từ Việt Nam tăng hơn 30% về lượng và gần 19% về giá trị so với năm 2021.
"
179,1,1,3,0,0,0,"XUẤT KHẨU GẠO CỦA THÁI LAN GIẢM 21% TRONG 6 THÁNG ĐẦU NĂM Chủ tịch TREA cho biết gạo Thái Lan đắt hơn đối thủ cạnh tranh và điều đó ảnh hưởng đến doanh số bán hàng, đây là kết quả của việc đồng baht nội địa tăng giá và hạn hán.
"
294,1,3,0,0,0,0,"XUẤT KHẨU GẠO THÁNG 5 TĂNG MẠNH, CƠ HỘI SOÁN NGÔI VƯƠNG CỦA THÁI LAN Bộ Công Thương cho biết xuất khẩu gạo của Việt Nam trong tháng 5 tăng mạnh 47% về lượng và 55,3% về trị giá so với tháng 4, đồng thời tăng 11,7% về lượng và 35,7% về trị giá so với cùng kì năm 2019, đạt 750 nghìn tấn, trị giá 395 triệu USD.
"
100,1,2,1,0,3,0,"NHÂN RỘNG MÔ HÌNH RƠM 'VÀNG' SAU THU HOẠCH Nhân rộng các mô hình sử dụng rơm rạ trong tái sản xuất nông nghiệp là điều cần thiết, vừa hạn chế ô nhiễm, vừa gia tăng giá trị cây lúa từ việc tận dụng nguồn rơm rạ sẵn có trong bối cảnh giá cả thức ăn gia súc, phân bón vô cơ đang ""leo thang""...
"
88,1,3,1,3,0,0,"XUẤT KHẨU GẠO SANG MỸ TĂNG VỌT 5 tháng đầu năm, xuất khẩu gạo sang Mỹ tăng trưởng 71,3%, mức tăng mạnh nhất trong các quốc gia nhập gạo Việt.
"
53,1,1,1,0,0,0,"PHILIPPINES QUYẾT ĐỊNH KHÔNG TĂNG THUẾ NHẬP KHẨU GẠO, CƠ HỘI TỐT CHO GẠO VIỆT NAM Tổng thống Philippines Ferdinand Marcos Jr đã chấp thuận khuyến nghị của Bộ Kinh tế về việc kéo dài thời gian giảm thuế nhập khẩu gạo đến hết năm 2023. Đây là tín hiệu vui cho gạo Việt Nam vốn đang được ưa chuộng tại Philippines.
"
328,1,0,3,0,0,0,"PHÓ THỦ TƯỚNG: TẠM ỨNG TRƯỚC 100.000 TẤN GẠO TỪ HẠN NGẠCH XUẤT KHẨU TRONG THÁNG 5 Phó Thủ tướng Trịnh Đình Dũng yêu cầu tạm ứng trước 100.000 tấn gạo từ hạn ngạch xuất khẩu trong tháng 5/2020 để tháo gỡ khó khăn cho doanh nghiệp hiện có gạo tại cảng nhưng chưa có tờ khai hải quan.
"
152,1,1,0,0,3,0,"GIẢM 50% CHI PHÍ THUỐC BẢO VỆ THỰC VẬT NHỜ MÔ HÌNH 'RUỘNG LÚA BỜ HOA' Áp dụng công nghệ sinh thái qua mô hình ""Ruộng lúa bờ hoa"", ngoài nâng cao hiệu quả kinh tế, người nông dân còn có thể sản xuất những sản phẩm sạch, chất lượng cao.
"
242,1,2,0,0,0,0,"GIÁ LÚA GẠO HÔM NAY NGÀY 21/8: GIÁ GẠO QUAY ĐẦU GIẢM Giá lúa gạo hôm nay tại các tỉnh Đồng bằng sông Cửu Long (ĐBSCL) có sự biến động nhẹ khi giá gạo quay đầu giảm nhẹ ở mức 50 đồng/kg, riêng giá lúa giữ mức ổn so với ngày hôm qua.
"
34,1,3,0,3,0,0,"INDONESIA CÓ THỂ NHẬP KHẨU THÊM 500.000 TẤN GẠO TRONG NĂM NAY Bộ Thương mại Indonesia (In-đô-nê-xi-a) cho biết quốc gia Đông Nam Á này có thể nhập khẩu thêm 500.000 tấn gạo trong năm nay để lấp đầy kho dự trữ gạo quốc gia (CBP) vốn đang giảm dần.
"
289,1,1,3,0,0,0,"PHILIPPINES HỦY KẾ HOẠCH NHẬP KHẨU 300.000 TẤN GẠO Báo chí Philippines đưa tin, Tổng công ty Thương mại quốc tế Philippines (PITC) – đơn vị thuộc Bộ Công nghiệp và Thương mại Philippines (DTI) – đã hủy kế hoạch nhập khẩu 300.000 tấn gạo thông qua hình thức G2G (liên Chính phủ), sau khi thảo luận với Bộ Nông nghiệp nước này (DA).
"
318,1,3,1,0,0,0,"KIM NGẠCH XUẤT KHẨU GẠO SANG ĐÀI LOAN TĂNG VỌT ĐẾN 80% TRONG QUÍ I Việt Nam là đối tác xuất khẩu gạo lớn thứ 3 vào Đài Loan trong quí I năm nay với lượng gạo xuất khẩu tăng hơn 61,5% và giá trị tăng gần 80%.
"
295,1,0,0,0,0,0,"CAMPUCHIA ĐỊNH HƯỚNG BỘ GIỐNG LÚA CHẤT LƯỢNG ĐỂ XUẤT KHẨU Campuchia đã xuất khẩu 356.097 tấn gạo trong năm tháng đầu năm, tăng trên 42% so với cùng kỳ năm 2019 và đang tập trung sản xuất các giống lúa ngon phục vụ xuất khẩu.
"
296,1,3,0,0,1,0,"SẢN LƯỢNG GẠO TOÀN CẦU TRONG NĂM TỚI CÓ THỂ SẼ CAO KỶ LỤC Trong báo cáo mới nhất của Bộ Nông nghiệp Mỹ, sản lượng và tiêu thụ gạo toàn cầu niên vụ 2020/2021 trên toàn cầu sẽ ở mức cao nhất từ trước đến nay.
'"
48,1,3,0,3,0,0,"XUẤT KHẨU GẠO KHỞI SẮC NGAY TỪ ĐẦU NĂM Thông thường vào thời điểm đầu năm xuất khẩu gạo chờ đợi đơn hàng mới nên tốc độ xuất khẩu chậm lại. Tuy nhiên, ngay từ đầu năm 2023, nhiều tín hiệu cho thấy thị trường xuất khẩu gạo có nhiều khởi sắc, doanh nghiệp xuất khẩu đã ký kết được nhiều đơn hàng mới.
"
68,1,3,0,0,1,0,"NÂNG TẦM VỤ LÚA THU ĐÔNG Vụ lúa thu đông canh tác trong điều kiện thời tiết thuận lợi hơn, năng suất cao hơn và giá bán tốt hơn vụ hè thu. Với điều kiện canh tác lúa quanh năm như An Giang, hoàn toàn có thể đưa vụ đông xuân và thu đông thành 2 vụ sản xuất chính trong năm và giảm dần diện tích lúa để vụ hè thu chuyển sang canh tác rau màu và cây lương thực ngắn ngày.
"
80,1,0,0,0,2,0,"PHÁT TRIỂN THƯƠNG HIỆU GẠO AN GIANG NHỜ ĐẢM BẢO HỆ THỐNG TIÊU CHUẨN CHẤT LƯỢNG Nhằm khẳng định thương hiệu gạo An Giang ở thị trường trong nước, UBND tỉnh An Giang đề ra mục tiêu sản lượng xuất khẩu đạt từ 45.000 50.000 tấn nhờ đảm bảo hệ thống tiêu chuẩn trong và ngoài nước.
"
157,1,2,0,0,1,0,"CẦN THƠ: VÀO MÙA THU HOẠCH LÚA THU ĐÔNG Vụ lúa thu đông 2021, nông dân TP Cần Thơ xuống giống với tổng diện tích 69.995ha, đạt 120% kế hoạch và cao hơn 1.306ha so với cùng kỳ 2020.
"
126,1,3,0,0,1,3,"GIÁ GẠO MỸ TĂNG MẠNH DO KHỦNG HOẢNG Ở UKRAINE Giá gạo Mỹ đang tăng nhanh do các thương nhân nhận định gạo sẽ tở thành một lựa chọn thay thế cho lúa mì – vốn đang trở nên quá đắt đỏ - sau khi xung đột Nga – Ukraine gia tăng.
"
241,1,3,2,0,0,0,"XUẤT KHẨU LÔ GẠO ĐẦU TIÊN CÓ THUẾ 0% VÀO EU, GIÁ HƠN 1.000 USD/TẤN CTCP Nông nghiệp Công nghệ cao Trung An (Mã: TAR) đã xuất khẩu lô gạo đầu tiên vào vào EU sau khi Hiệp định Thương mại tự do Việt Nam - EU (EVFTA) có hiệu lực với thuế suất 0%, đặc biệt với giá lên đến hơn 1.000 USD/tấn.
"
28,1,2,1,0,3,0,"MỸ SẼ HỖ TRỢ ĐỀ ÁN 1 TRIỆU HA LÚA GIÁ TỈ ĐÔ LA CỦA VIỆT NAM Bộ trưởng Bộ Nông nghiệp Mỹ Thomas J. Vilsack khẳng định sẽ có một số hình thức hỗ trợ tài chính cho đề án 1 triệu ha lúa chất lượng cao, và giảm phát thải mà Việt Nam đặt mục tiêu đạt được năm 2030.
"
201,1,0,0,0,0,0,BẢN TIN THỊ TRƯỜNG LÚA GẠO THÁNG 12/2020 BẢN TIN THỊ TRƯỜNG LÚA GẠO THÁNG 12/2020
188,1,1,0,0,2,0,"GẠO ẤN ĐỘ “KHOÁC ÁO” GẠO VIỆT, LO KHÁCH THÁO CHẠY Sự chênh lệch lớn về giá giữa gạo Ấn Độ và Việt Nam dẫn đến tình trạng gian lận, giả mạo xuất xứ, gây ảnh hưởng đến uy tín gạo xuất khẩu của Việt Nam.
"
167,1,0,0,0,0,1,"BỘ TRƯỞNG NÔNG NGHIỆP: 'ĐẾN NAY TÔI MỚI BIẾT ĐBSCL SẢN XUẤT LÚA NHƯ THẾ' Chúng ta cứ tự hào về những con số xuất khẩu, nhưng trong lúc dịch bệnh, mới giật mình tự hỏi: Để lấy những thành tích đó, đẩy nông dân vào rủi ro, đổi lấy sự bất trắc có đáng không? Đến hôm nay, tôi mới biết tại sao giá thành sản xuất lúa của tỉnh An Giang lại chênh lệch với Đồng Tháp, Cần Thơ… trong khi thiên thời, địa lợi các địa phương gần như nhau', Bộ trưởng Bộ Nông nghiệp & Phát triển Nông thôn (NN&PTNT) Lê Minh Hoan cho hay.
"
253,1,3,0,0,0,0,"GIÁ LÚA HÈ THU TẠI ĐBSCL BẮT ĐẦU TĂNG DO SẮP HẾT VỤ THU HOẠCH Tại các tỉnh Đồng Tháp, Sóc Trăng… lúa IR 50404 bán tại ruộng tăng lên 5.700 đồng/kg, còn lúa khô IR 50404 ở vụ đông xuân 2019-2020 các chủ vựa trữ lại nay bán có giá 8.200 đồng/kg...
"
202,1,3,3,3,0,0,"GIÁ GẠO XUẤT KHẨU VIỆT NAM TĂNG, ĐẮT NGANG GẠO THÁI Tuần qua, giá gạo xuất khẩu của Việt Nam và Ấn Độ tăng nhờ nhu cầu lớn hơn, trong khi Bangladesh công bố phiên đấu thầu mới để tăng nguồn cung dự trữ.
"
43,1,2,0,0,0,0,"PHILIPPINES SẼ VẪN LÀ KHÁCH MUA GẠO LỚN NHẤT CỦA VIỆT NAM Cả hai nhà xuất khẩu gạo là Campuchia và Thái Lan đều muốn ""lấn sân"" nhiều hơn vào thị trường Philippines trong khi quốc gia này đang nhập 90% từ Việt Nam.
"
277,1,0,1,0,3,0,"CÓ NÊN BỎ ĐIỀU KIỆN KINH DOANH XUẤT KHẨU GẠO? VCCI kiến nghị bỏ điều kiện kinh doanh là bảo hành, bảo dưỡng ô tô, kinh doanh hàng đông lạnh tạm nhập tái xuất, xuất khẩu gạo...
"
183,1,2,0,0,2,0,"TẬP ĐOÀN PAN NHẬN ỦY THÁC BẢO HỘ NHÃN HIỆU ST24 VÀ ST25 TẠI THỊ TRƯỜNG QUỐC TẾ Tập đoàn PAN và doanh nghiệp tư nhân Hồ Quang Trí vừa đạt thỏa thuận hợp tác về việc ủy quyền đại diện làm thủ tục bảo hộ nhãn hiệu gạo ST24 và ST25 tại các thị trường quốc tế trọng điểm về xuất khẩu gạo thương hiệu. Bà Nguyễn Thị Trà My, CEO Tập đoàn PAN khẳng định mục tiêu của việc ủy quyền làm thủ tục bảo hộ là nhằm gìn giữ và phát triển nhãn hiệu nông sản Việt Nam tại thị trường quốc tế.
"
163,1,0,0,0,1,0,"TRUNG QUỐC TẠO ĐỘT PHÁ TRONG VIỆC TRỒNG LÚA: THU HOẠCH SAU 60 NGÀY, SẢN LƯỢNG 9,8 TẤN/HA Theo báo cáo mới đây của Tân Hoa Xã, Viện Nông nghiệp Đô thị thuộc Học viện Khoa học Nông nghiệp Trung Quốc đã hợp tác với Viện Nghiên cứu Lúa Quốc gia Trung Quốc và đạt được thành tựu lớn trong một vụ thu hoạch lúa chỉ với 60 ngày, ở môi trường khu vực thử nghiệm.
"
73,1,3,3,3,0,2,"LỆNH CẤM XUẤT KHẨU GẠO BẤT NGỜ CỦA ẤN ĐỘ TÁC ĐỘNG RA SAO? Chính phủ Ấn Độ vừa cấm xuất khẩu gạo, động thái được ban hành sau chưa đầy 4 tháng cấm xuất lúa mì do mùa vụ thất bát và nguồn gạo dự trữ cạn kiệt.
"
62,1,3,0,3,0,3,"XUẤT KHẨU GẠO CÓ THỂ ĐẠT 7 TRIỆU TẤN TRONG NĂM NAY Tại diễn đàn kết nối nông sản 970 với chủ đề ""Kết nối cung cầu chuỗi lúa gạo vùng Đồng bằng sông Cửu Long"" của Bộ Nông nghiệp và Phát triển nông thôn tổ chức ngày 19/11, ông Lê Thanh Hòa, Phó Cục trưởng Cục Chế biến và Phát triển thị trường nông sản cho biết, trong bối cảnh lạm phát và bất ổn về kinh tế ở nhiều quốc gia, Việt Nam đang hướng tới mốc 7 triệu tấn gạo được xuất khẩu trong năm nay.
"
250,1,3,0,0,0,0,"VƯỢT THÁI LAN, VIỆT NAM CÓ GIÁ GẠO XUẤT KHẨU CAO NHẤT THẾ GIỚI Dấu mốc trong lịch sử 30 năm xuất khẩu, và nhờ vậy, lợi nhuận của người nông dân đã được tăng thêm.
"
83,1,1,0,0,2,0,"LÝ DO VIỆT NAM NHẬP HÀNG TRIỆU TẤN LÚA TỪ CAMPUCHIA Nguồn lúa gạo Campuchia nhập vào Việt Nam cần được truy xuất nguồn gốc rõ ràng, tránh tình trạng đấu trộn vào nhau để xuất khẩu.
"
220,1,1,0,0,1,0,"SẢN LƯỢNG LÚA HÈ THU 2020 ƯỚC TÍNH GIẢM GẦN 120.000 TẤN Mặc dù năng suất lúa hè thu cả nước năm nay ước tính đạt 55,7 tạ/ha, tăng 0,9 tạ/ha so với vụ hè thu năm 2019 nhưng do diện tích gieo cấy giảm nên sản lượng chung toàn vụ hè thu 2020 ước tính đạt 10,83 triệu tấn, giảm 119.300 tấn.
"
312,1,3,1,3,0,0,"TRUNG QUỐC HỐI HẢ MUA GẠO CỦA VIỆT NAM, GIÁ GẠO XUẤT KHẨU TĂNG VỌT Sau khi Thủ tướng Chính phủ đồng ý cho xuất khẩu gạo bình thường từ tháng 5/2020, thị trường gạo bắt đầu khởi sắc. Từ đầu năm đến nay, Trung Quốc là một trong những thị trường nhập khẩu nhiều gạo của Việt Nam.
"
93,1,3,0,3,0,0,"THẾ GIỚI CÓ THỂ SẮP “SỐT” GIÁ GẠO? Gạo - loại lương thực chính tại nhiều nước châu Á - có thể sẽ là mặt hàng tiếp theo bước vào cơn sốt, nhiều chuyên gia nhận định khi trao đổi với hãng tin CNBC...
"
339,1,3,1,3,0,1,"LÚA GẠO CHÂU Á: GIAO DỊCH TRẦM LẮNG DO CHÍNH SÁCH GIÃN CÁCH XH VÀ HẠN CHẾ XK Các thị trường gạo chủ chốt ở Châu Á tuần 2-9/4/2020 trầm lắng do chính sách cách ly để chống Covid-19 (ở Ấn Độ) và Việt Nam tạm dừng xuất khẩu gạo để đảm bảo an ninh lương thực, trong bối cảnh giá gạo Thái Lan duy trì ở mức cao nhất trong vòng 7 năm.
"
121,1,3,0,3,0,0,"NHU CẦU GẠO TẤM LÀM THỨC ĂN CHĂN NUÔI TĂNG CAO TRÊN THẾ GIỚI Gạo tấm đang trở nên hút hàng trên thị trường thế giới khi nhu cầu gạo thay thế ngô trong thức ăn chăn nuôi gia tăng, kéo giảm đáng kể mức chênh lệch giá giữa gạo trắng 5% tấm với 100% tấm.
"
203,1,2,0,0,0,0,"XUẤT KHẨU LÔ GẠO ĐẦU TIÊN NĂM 2021 SANG SINGAPORE VÀ MALAYSIA Lô gạo gồm 1.600 tấn theo hợp đồng đã ký kết xuất sang Singapore 450 tấn và Malaysia 1.150 tấn, gồm 2 loại gạo Jasmine 85 với giá 680 USD/tấn và gạo Hương Lài giá 750 USD/tấn.
"
145,1,1,0,0,1,0,"ĐƯỢC MÙA, PHILIPPINES HẠN CHẾ NHẬP KHẨU GẠO TỪ NƯỚC TA Philippines, một nhà nhập khẩu gạo lớn, đang thực hiện các biện pháp để tạm thời hạn chế nhập khẩu gạo từ nước ta
"
150,1,0,0,0,0,0,"ĐỂ VỤ LÚA ĐÔNG XUÂN 2021-2022 ĐẠT THẮNG LỢI Tại ĐBSCL, nhìn mực nước lũ mang nặng phù sa tràn về trên đồng ruộng là có thể đoán được vụ đông xuân tới thu được bao nhiêu dạ lúa trên phần đất của mình.
"
94,1,0,0,0,0,2,"CHỦ ĐỘNG THU HOẠCH LÚA HÈ THU Thời điểm này, các trà lúa hè thu 2022 trên địa bàn Cần Thơ bước vào thu hoạch rộ. Thời tiết diễn biến phức tạp và trời thường xuyên có mưa đã ít nhiều gây khó khăn cho việc thu hoạch lúa của nông dân. Tuy nhiên, với sự quan tâm hỗ trợ tích cực của ngành chức năng và chủ động của nông dân, nhìn chung các diện tích lúa hè thu trên địa bàn thành phố đã và đang được thu hoạch và tiêu thụ kịp thời.
"
278,1,3,0,1,0,2,"GIÁ GẠO VIỆT NAM LÊN CAO NHẤT 3 TUẦN, TRONG KHI GIÁ GẠO THÁI GIẢM MẠNH VÌ NHU CẦU YẾU Tuần này, giá gạo xuất khẩu của Việt Nam tăng sau khi những trận mưa lớn dấy lên lo ngại về hoạt động thu hoạch, trong khi giá gạo Thái lan giảm xuống mức thấp nhất trong 4 tháng vì đồng bath mất giá và nhu cầu yếu.
"
290,1,3,0,3,0,0,"GIÁ GẠO VIỆT LẬP ĐỈNH Tuần 28.5 - 4.6, giá gạo xuất khẩu của Việt Nam đã đạt mức cao nhất trong vòng 8 năm qua. Gạo trắng 5% tấm xuất khẩu của Việt Nam tăng lên 475 USD/tấn - mức cao nhất kể từ đầu năm 2012.
"
279,1,1,2,0,0,0,"MUỐN ƯU ĐÃI THUẾ VÀO EU, DOANH NGHIỆP GẠO PHẢI ĐƯỢC XÁC NHẬN Đó là nội dung mà dự thảo “Nghị định hướng dẫn quy trình đăng ký chứng nhận chủng loại gạo xuất khẩu vào EU để được hưởng ưu đãi hạn ngạch” đang được Bộ NN&PTNT lấy ý kiến trước khi trình Chính phủ thông qua.
"
335,1,0,0,0,0,0,"DOANH NGHIỆP XUẤT KHẨU GẠO GẶP KHÓ VÌ TRỤC TRẶC TỜ KHAI HẢI QUAN Suốt từ sáng đến tối 11/4, doanh nghiệp không thể truy cập hệ thống làm tờ khai hải quan nhưng đến sáng 12/4 thì hạn ngạch đã được đăng kí hết.
"
180,1,2,0,0,1,1,"SẢN LƯỢNG LÚA KIÊN GIANG VẪN TĂNG DÙ MẤT TRẮNG GẦN 4.000HA Dù gần 4.000ha lúa vụ mùa bị thiệt hại mất trắng nhưng nhờ năng suất vụ đông xuân cao nên sản lượng lúa thu hoạch của Kiên Giang vẫn tăng.
"
13,1,0,3,2,3,2,"DỰ TRỮ GẠO ẤN ĐỘ GẤP BA LẦN MỤC TIÊU, GIẢM BỚT LO NGẠI VỀ NGUỒN CUNG Dự trữ gạo của Ấn Độ cao gần gấp ba lần so với mục tiêu vào đầu tháng 8, hai nguồn tin chính phủ tại quốc gia sản xuất gạo lớn thứ hai thế giới cho biết hôm thứ Năm, ngày 3/8/2023.
"
326,1,0,0,0,0,0,"CÓ TIẾP TỤC ÁP DỤNG HẠN NGẠCH XUẤT KHẨU GẠO SAU NHỮNG LÙM XÙM TRONG THÁNG 4? Bộ Công Thương đã nhận trách nhiệm trước những bất cập phát sinh khi triển khai một quyết định chưa từng có trong nhiều năm qua, đó là áp dụng hạn ngạch xuất khẩu gạo. Theo đó, hàng ngàn tấn gạo bị kẹt tại cảng, khiến doanh nghiệp gặp nhiều khó khăn.
"
173,1,1,1,1,3,2,"THÁI LAN TRIỂN KHAI HÀNG LOẠT CHÍNH SÁCH THÚC ĐẨY XUẤT KHẨU GẠO Lượng xuất khẩu gạo Thái giảm mạnh xuống mức thấp nhất trong 2 thập kỷ trong năm 2020, do thiếu container vận chuyển hàng, cước vận chuyển tăng vọt và hạn hán làm giảm sản lượng. Thái Lan tụt xuống vị trí thứ 3 về xuất khẩu gạo trên thế giới, sau Ấn Độ và Việt Nam.
"
286,1,2,0,0,0,0,"THÁI LAN THÚC ĐẨY CHIẾN LƯỢC SẢN XUẤT LÚA GẠO THEO ĐỊNH HƯỚNG THỊ TRƯỜNG Chính phủ Thái Lan dự kiến thúc đẩy 7 sản phẩm gạo và phát triển giống lúa theo chiến lược sản xuất định hướng thị trường trong giai đoạn 2020-2024.
"
146,1,2,3,2,0,0,"XUẤT CẤP LƯỢNG GẠO DỰ TRỮ QUỐC GIA LỚN NHẤT TỪ TRƯỚC ĐẾN NAY Năm 2021, Tổng cục Dự trữ Nhà nước đã giao các đơn vị khu vực thực hiện xuất cấp 253.303 tấn gạo từ nguồn dự trữ quốc gia cho các địa phương để hỗ trợ người dân, với trị giá khoảng 2.912 tỷ đồng; đồng thời xuất cấp các vật tư, thiết bị dự trữ quốc gia trị giá khoảng 142,1 tỷ đồng.
"
39,1,0,1,0,0,0,"NGHĨ VỀ 1 TRIỆU HA CHUYÊN CANH LÚA CHẤT LƯỢNG CAO VÀ TĂNG TRƯỞNG XANH Vùng chuyên canh lúa 1 triệu ha có quy mô rất lớn, vì vậy cần có sự lựa chọn các bước đi một cách khoa học theo phương châm “làm chắc, kết quả thật”.
"
225,1,2,3,2,0,0,"BỔ SUNG 274 TỈ ĐỒNG MUA BÙ GẠO DỰ TRỮ QUỐC GIA Ủy ban Thường vụ Quốc hội quyết nghị bổ sung 274 tỉ đồng từ nguồn dự phòng ngân sách Trung ương năm 2020 để mua bù 23.000 tấn gạo đã xuất cấp với mục đích cứu trợ, viện trợ.
"
303,1,2,0,0,1,0,"THÁI LAN DỰ BÁO SẼ THU HOẠCH 24 TRIỆU TẤN GẠO TRONG NIÊN VỤ 2020-2021 Cục Thủy lợi Hoàng gia Thái Lan (RID) dự báo quốc gia Đông Nam Á này sẽ có nhiều mưa hơn trong năm 2020 và sẽ thu hoạch được 24 triệu tấn gạo trong niên vụ 2020-2021.
"
337,1,2,3,2,0,0,"MỚI MUA ĐƯỢC 7.700 TẤN GẠO DỰ TRỮ QUỐC GIA Ngày 10/4, Thủ tướng Chính phủ đồng ý cho phép xuất khẩu 400.000 tấn gạo trong tháng 4/2020. Ngay trong ngày 10/4, Bộ Công Thương công bố hạn ngạch xuất khẩu gạo trong tháng 4/2020, áp dụng đối với mặt hàng gạo (mã hàng hóa HS là 10.06) với số lượng 400.000 tấn.
"
182,1,1,0,0,2,0,"VIỆT NAM NGUY CƠ MẤT QUYỀN DỰ THI 'GẠO NGON NHẤT THẾ GIỚI' Ban tổ chức cuộc thi vừa cảnh báo, Việt Nam có thể mất quyền dự thi do nhiều công ty tự ý gắn mác ""gạo ngon nhất thế giới"" trên sản phẩm bán ra thị trường.
"
193,1,1,0,0,0,0,"GẠO ST25 BỊ DOANH NGHIỆP MỸ ĐĂNG KÝ THƯƠNG HIỆU 5 doanh nghiệp tại Mỹ đang chờ được bảo hộ thương hiệu gạo ST25 - gạo ngon nhất thế giới của Việt Nam, theo Văn phòng Sáng chế và Thương hiệu Mỹ (USPTO).
"
217,1,3,0,0,0,0,"NĂM 2020, NĂM THÀNH CÔNG CỦA NGÀNH GẠO VIỆT NAM Gạo là điểm sáng trong số ít các mặt hàng nông sản xuất khẩu trong năm 2020 khi giá trị xuất khẩu mang về vẫn tăng trưởng mạnh, đặc biệt giá gạo liên tục tăng cao đã đánh dấu mức tăng lịch sử trong khoảng một thập kỉ của mặt hàng này.
"
192,1,0,0,0,0,0,"VIỆT NAM CÓ 207 THƯƠNG NHÂN ĐỦ ĐIỀU KIỆN KINH DOANH XUẤT KHẨU GẠO Cần Thơ là địa phương có số lượng thương nhân kinh doanh xuất khẩu gạo lớn nhất cả nước với 44 doanh nghiệp. Tiếp đến là TP HCM có 38 doanh nghiệp, Long An 25 doanh nghiệp, An Giang 21 doanh nghiệp.
"
246,1,3,0,3,0,1,"GIÁ GẠO ẤN ĐỘ TIẾP TỤC TĂNG NHƯNG VẪN THẤP HƠN 100 USD/TẤN SO VỚI GẠO VIỆT, THÁI LAN Tuần qua, giá gạo xuất khẩu của Ấn Độ tiếp tục đi lên, ghi nhận tuần tăng thứ ba liên tiếp khi người mua tìm tới nguồn cung giá rẻ hơn từ nhà xuất khẩu gạo hàng đầu thế giới, vốn vẫn đang phải đối mặt với những trận lũ lụt và đại dịch COVID-19.
"
29,1,3,0,3,0,0,"THẾ GIỚI ĐANG RẤT CẦN GẠO VIỆT NAM XUẤT KHẨU' Nhiều doanh nghiệp, địa phương nhìn nhận khả năng xuất khẩu gạo trong thời gian tới với cơ hội lớn khi giá cả đang rất tốt.
"
333,1,2,1,0,0,0,"THÁI LAN HIỆN KHÔNG CÓ KẾ HOẠCH HẠN CHẾ XUẤT KHẨU GẠO Thái Lan hiện không có kế hoạch hạn chế xuất khẩu gạo
"
244,1,0,0,0,0,0,"XUẤT NHẬP KHẨU VIỆT NAM VÀ PHÁP THÁNG 7/2020: XUẤT KHẨU GẠO GIẢM HƠN 70% Việt Nam xuất khẩu hàng hóa sang Pháp 319 triệu USD giảm 16% so với tháng 6. Đồng thời, kim ngạch nhập khẩu cũng giảm 2% đạt 138,7 triệu USD.
"
251,1,3,0,3,0,0,"XUẤT KHẨU GẠO VIỆT NAM SANG THỊ TRƯỜNG CHÂU PHI TIẾP TỤC TĂNG Theo ông Hoàng Đức Nhuận - Tham tán Thương mại Việt Nam tại Algeria, kiêm các thị trường Mali, Niger, Senegal và Gambia, xuất khẩu gạo của Việt Nam sang thị trường châu Phi đang tăng mạnh trong 6 tháng đầu năm 2020 và dự kiến sẽ còn tiếp tục tăng cao trong những tháng tới và ngay cả trong năm 2021.
"
139,1,3,0,0,0,2,"BẠC LIÊU ỨNG PHÓ HẠN, MẶN MÙA KHÔ 2021-2022 Đồng bằng sông Cửu Long đang bước vào giai đoạn cao điểm mùa khô 2021-2022, dự báo xâm nhập mặn sẽ diễn ra sớm, vào sâu nội địa do nước thượng nguồn giảm (đỉnh điểm dự kiến là tháng 3 và tháng 4 tới).
"
36,1,3,3,3,0,0,"GIÁ GẠO XUẤT KHẨU TIẾP TỤC TĂNG TRONG NĂM 2023, CỔ PHIẾU NÀO TIỀM NĂNG? Giá xuất khẩu gạo được kỳ vọng sẽ tiếp tục tăng trong năm 2023 do nhu cầu dự trữ lương thực ở nhiều quốc gia tăng, Ấn Độ chưa có kế hoạch dỡ bỏ lệnh cấm xuất khẩu gạo tấm hay bỏ áp thuế 20% xuất khẩu gạo trắng trong năm 2023...
"
61,1,2,0,0,2,0,"THỊ TRƯỜNG LÚA GIỐNG VỤ ĐÔNG XUÂN 2022-2023: ĐA DẠNG GIỐNG LÚA, NÔNG DÂN CÓ NHIỀU LỰA CHỌN Ðể sản xuất thắng lợi vụ lúa đông xuân, những năm gần đây nông dân rất quan tâm khâu chọn lựa giống tốt, gạo thơm ngon, chất lượng cao để bán được giá cao. Năm nay, các cơ sở sản xuất, kinh doanh lúa giống trên địa bàn TP Cần Thơ đưa ra thị trường nhiều loại giống lúa thơm, chất lượng cao, nhà nông thêm nhiều lựa chọn.
"
181,1,3,2,0,0,0,"80.000 TẤN GẠO XUẤT KHẨU THEO HẠN NGẠCH EVFTA SẼ CÓ HIỆU LỰC TỪ 2022 EU vừa phân bổ thực thi hạn ngạch thuế quan dành cho 80.000 tấn gạo Việt Nam xuất khẩu vào khu vực này theo Hiệp định EVFTA, bắt đầu từ đầu năm sau.
"
116,1,0,0,0,0,0,"HIỆU QUẢ TỪ LIÊN KẾT SẢN XUẤT LÚA-GẠO HỮU CƠ ST25 TẠI QUẢNG BÌNH Vụ Đông-Xuân 2021-2022, Tổng công ty Sông Gianh thực hiện dự án liên kết kinh doanh lúa-gạo hữu cơ ST25 tại thôn Tiên Phan (xã Quảng Tiên, thị xã Ba Đồn) với diện tích 26ha.
"
239,1,3,0,3,0,1,"GIÁ GẠO XUẤT KHẨU VIỆT NAM TIẾN GẦN MỐC 500 USD/TẤN Tuần qua, giá gạo Việt Nam tăng thêm 5 USD/tấn so với tuần trước lên 490 - 495 USD/tấn vì nguồn cung thấp. Tại Ấn Độ, giá cũng tăng lên mức cao nhất gần 18 tháng vì những gián đoạn hậu cần do dịch COVID-19.
"
87,1,2,0,0,2,0,"ĐỀ ÁN 1 TRIỆU HÉC TA LÚA CHẤT LƯỢNG CHƯA TRIỂN KHAI, ĐBSCL ĐÃ VƯỢT CHỈ TIÊU ĐỀ RA! Đề án sản xuất 1 triệu héc ta lúa chất lượng cao ở Đồng bằng sông Cửu Long (ĐBSCL) được Chính phủ giao cho Bộ Nông nghiệp và Phát triển nông thôn chủ trì vẫn chưa được triển khai. Tuy nhiên, ở thời điểm hiện tại, theo các báo cáo của ngành nông nghiệp, vùng ĐBSCL đã có trên 1 triệu héc ta diện tích sản xuất các giống lúa chất lượng cao.
"
317,1,0,0,0,0,0,"HẾT GẠO CHẠY RÔNG, NHẤT NÔNG, NHÌ SĨ' “Nhất sĩ nhì nông, hết gạo chạy rông, nhất nông nhì sĩ”. Từ ngàn xưa, cha ông ta đã coi trọng nông nghiệp và nhận biết vai trò to lớn của nông nghiệp.
"
349,1,3,0,3,0,1,"GIÁN ĐOẠN NGUỒN CUNG LƯƠNG THỰC DO COVID-19, GIÁ GẠO TĂNG KỶ LỤC 7 NĂM Giá gạo đang ở mức cao nhất trong 7 năm do ảnh hưởng từ việc bùng phát Covid-19 dẫn đến các nhà nhập khẩu gạo tăng cường tích trữ trong khi các nhà xuất khẩu lại hạn chế xuất khẩu.
"
297,1,3,0,0,0,0,"VIỆT NAM TRÚNG THẦU BÁN 60.000 TẤN GẠO CHO PHILIPPINES Trong phiên mở thầu nhập khẩu 300.000 tấn gạo theo cơ chế liên Chính phủ (G2G) diễn ra hôm 8-6, Philippines chỉ mua được 189.000 tấn. Trong vai trò nhà cung ứng, Việt Nam trúng thầu bán được 60.000 tấn.
"
316,1,2,3,2,0,0,"GÓC KHUẤT GẠO DỰ TRỮ QUỐC GIA Để mua đủ 190.000 tấn gạo dự trữ năm 2020 theo chỉ đạo của Thủ tướng, Tổng cục Dự trữ và 22 cục Dự trữ khu vực thông báo ngày 12-5 sẽ đấu thầu lại để mua 182.300 tấn gạo. Nhà nước phải chi thêm khoảng 200 tỉ đồng?
"
302,1,3,0,3,0,0,"THỊ TRƯỜNG LÚA GẠO KHỞI SẮC, CÙNG NÔNG DÂN NẮM BẮT CƠ HỘI Giá lúa gạo đi lên trong khi nguồn cung hạn chế, nhu cầu lương thực ở các nước gia tăng là cơ hội tốt để ngành lúa gạo Việt Nam bứt phá.
"
57,1,3,0,0,0,0,"GIÁ GẠO XUẤT KHẨU CỦA VIỆT NAM ĐANG CAO NHẤT THẾ GIỚI Năm 2022, Việt Nam dự kiến xuất khẩu hơn 7 triệu tấn gạo, trị giá 3,5 tỉ USD. Đáng chú ý là giá gạo xuất khẩu của Việt Nam đang cao nhất thế giới.
"
259,1,0,0,0,0,0,"XUẤT NHẬP KHẨU VIỆT NAM VÀ PHILIPPINES THÁNG 7/2020: VIỆT NAM XUẤT KHẨU CHỦ YẾU GẠO Trong tháng 7/2020, Việt Nam xuất khẩu sang Philippines gần 271 triệu USD. Nâng tổng kim ngạch hai chiều lên 426,7 triệu USD.
"
102,1,2,0,0,0,0,"THANH HÓA CẦN 4.300 TẤN LÚA GIỐNG ĐỂ GIEO CẤY VỤ THU MÙA Vụ thu mùa năm 2022, Thanh Hóa phấn đấu gieo cấy 114.650 ha lúa. Theo tính toán của ngành nông nghiệp, với diện tích nói trên, vụ thu mùa sắp tới toàn tỉnh cần tới 4.300 tấn lúa giống các loại.
"
169,1,0,0,0,0,2,"HƠN 1.000 HA LÚA BỊ NGẬP, HƯ HẠI DO BÃO SỐ 5 Ban chỉ đạo Trung ương về Phòng chống thiên tai cho biết, do ảnh hưởng của bão số 5 và mưa lớn đã có 2 phương tiện bị chìm, 2 tàu của Đà Nẵng bị mắc cạn, nhiều ngôi nhà bị tốc mái và hơn 1.000 ha lúa bị ngập úng.
"
199,1,1,0,0,0,0,"NÂNG TẦM GẠO MIỀN TÂY Bước sang tháng 4-2021, nông dân ĐBSCL đang thu hoạch những trà lúa đông xuân cuối cùng trên diện tích 1,5 triệu ha, sản lượng khoảng 10,7 triệu tấn. Giá lúa những ngày qua sụt giảm nhưng vẫn ở mức cao do nông dân tập trung sản xuất các giống lúa cung ứng phân khúc gạo cao cấp xuất khẩu. Đây được xem là một thay đổi quan trọng của nông dân trồng lúa miền Tây.
"
59,1,1,3,1,0,0,"ẤN ĐỘ CHÍNH THỨC DỠ BỎ LỆNH CẤM XUẤT KHẨU ĐỐI VỚI GẠO VIỆT NAM Cục Ngoại thương (DGFT) thuộc Bộ Thương mại và Công nghiệp Ấn Độ đã đưa ra thông báo chính thức về việc dỡ bỏ lệnh cấm áp đặt với việc xuất khẩu gạo hữu cơ không phải gạo basmati, gồm cả gạo tấm.
"
30,1,0,0,0,0,0,"VÌ SAO GẠO VIỆT CHƯA THỂ XÂY DỰNG ĐƯỢC THƯƠNG HIỆU MẠNH KHI XUẤT KHẨU ? Trong các loại nông sản, gạo xây dựng được thương hiệu mạnh nhất. Gạo Việt cũng đã xuất khẩu được vào một số thị trường khó tính trên thế giới. Thế nhưng theo GS Võ Tòng Xuân, 'cha đẻ' của nhiều giống gạo ngon ở ĐBSCL, để xây dựng được gạo trở thành thương hiệu mạnh, nói đến gạo, nghĩ đến Việt Nam thì còn rất nhiều việc phải làm.
"
298,1,3,0,2,0,1,"GIÁ GẠO VIỆT DỰ KIẾN TĂNG TRONG THỜI GIAN TỚI NHỜ NHU CẦU MỚI TỪ PHILIPPINES, MALAYSIA Giá gạo xuất khẩu Việt Nam duy trì ở đỉnh hai năm nhờ các quốc gia đang đối phó với đại dịch COVID-19 tìm cách tích trữ gạo. Trong khi đó, giá gạo Ấn Độ giảm trong tuần này từ mức cao nhất trong một năm vì nhu cầu chậm lại.
"
149,1,2,1,0,3,0,"MẠNH MẼ GIẢM GIỐNG ĐỂ GIẢM ÁP LỰC PHÂN BÓN Thứ trưởng Lê Quốc Doanh cho rằng, cần tập trung tuyên truyền mạnh mẽ các tiến bộ kỹ thuật để giảm được ít nhất 1/3 lượng phân bón so với hiện nay.
"
228,1,1,0,1,0,0,"CAMPUCHIA MUỐN CẠNH TRANH VỚI VIỆT NAM VỀ XUẤT KHẨU GẠO TRẮNG Bộ trưởng Nông nghiệp Campuchia đang kêu gọi các nhà xuất khẩu gạo trong nước tập trung hơn vào xuất khẩu gạo trắng để khai thác tiềm năng của thị trường gạo giá rẻ thế giới.
"
248,1,2,2,3,2,0,"BỘ TRƯỞNG MAI TIẾN DŨNG: SANG TUẦN TỚI, CHÚNG TA SẼ XUẤT LÔ GẠO ĐẦU TIÊN, LÀ GẠO NGON NHẤT SANG THỊ TRƯỜNG CHÂU ÂU, GIÁ CAO! Nhấn mạnh các thành tích của nông nghiệp và cơ hội từ EVFTA, Bộ trưởng, Chủ nhiệm VPCP Mai Tiến Dũng rất kỳ vọng trong tương lai sẽ có nhiều sản phẩm nông nghiệp tiếp tục được xuất khẩu sang thị trường châu Âu - thị trường có tiềm năng rất lớn.
"
240,1,3,0,3,1,0,"GIÁ GẠO VIỆT NAM CÓ THỂ TIẾP TỤC TĂNG TRONG NGẮN HẠN Nguồn cung mỏng và hoạt động tích trữ gạo trong nước khiến nhiều thương lái dự đoán giá gạo Việt Nam tiếp tục tăng cao trong những tháng tới cho đến khi vụ thu hoạch mới diễn ra vào tháng 10.
"
137,1,2,0,0,3,2,"PHÁT TRIỂN ĐỒNG BẰNG SÔNG CỬU LONG THÀNH HÌNH MẪU THÍCH ỨNG BIẾN ĐỔI KHÍ HẬU Đồng bằng sông Cửu Long đang có sự dịch chuyển của nguồn nhân lực giữa các địa bàn trong bối cảnh mặt bằng chung về trình độ còn thấp, trong khi hạ tầng giao thông và hạ tầng phục vụ phát triển sản xuất nông nghiệp chưa đồng bộ, ảnh hưởng tiêu cực của biến đổi khí hậu...
"
263,1,1,0,1,0,0,"XUẤT KHẨU GẠO CỦA THÁI LAN SANG TÂY PHI SỤT GIẢM ĐẾN HƠN 257% Chuyên gia dự báo rằng kim ngạch nhập khẩu gạo của châu Phi có thể không vượt quá 16 triệu tấn năm 2020 trong khi năm 2019 là 16,7 triệu tấn.
"
307,1,0,0,0,1,0,"SẢN LƯỢNG LÚA CỦA AN GIANG DỰ KIẾN ĐẠT TRÊN 4 TRIỆU TẤN TRONG NĂM 2020 Mặc dù xuất khẩu gạo của An Giang giảm cả lượng và giá trị trong 4 tháng đầu năm 2019 nhưng việc khơi thông trở lại tình hình xuất khẩu và năng suất lúa tăng, An Giang dự kiến sản lượng lúa năm nay sẽ cao hơn năm 2019 và các năm trước.
"
327,1,0,0,0,0,0,"ĐỒNG THÁP KIẾN NGHỊ THỦ TƯỚNG GỠ KHÓ CHO DOANH NGHIỆP KINH DOANH XUẤT KHẨU GẠO Trước mắt, cho thông quan ngay với những lô hàng đã nằm tại cảng chờ xuất, cho mặt hàng gạo nếp xuất khẩu, xem xét cho doanh nghiệp FDI được phân phối mặt hàng gạo tại thị trường nội địa trong điều kiện mặt hàng gạo được điều hành xuất khẩu theo hạn ngạch.
"
17,1,3,3,1,0,0,"SAU ẤN ĐỘ, THÊM NGA VÀ UAE CẤM XUẤT KHẨU GẠO Mới đây, Nga và UAE đã thông báo ngừng bán gạo ra nước ngoài, chỉ một tuần sau lệnh cấm của Ấn Độ. Điều này có thể gây ra những xáo trộn trong việc mua bán ở nhiều quốc gia và đẩy giá gạo tăng cao."
330,1,0,1,0,0,0,"HẠN CHẾ XUẤT KHẨU GẠO: DOANH NGHIỆP RƠI CẢNH TIẾN THOÁI LƯỠNG NAN Theo phản ánh của các doanh nghiệp (DN) xuất khẩu gạo, nếu hạn chế số lượng gạo xuất khẩu như Bộ Công Thương đề xuất Thủ tướng, sẽ khiến DN tiến thoái lưỡng nan, nhiều DN có thể bị thua lỗ.
"
148,1,1,0,0,3,0,"ỨNG DỤNG MẠ KHAY, CẤY MÁY GIẢM TỐI THIỂU MỘT NỬA LƯỢNG HẠT GIỐNG Ứng dụng sản xuất lúa bằng mạ khay, máy cấy đã giảm tối thiểu 1/2 lượng hạt giống lúa so với tập quán gieo sạ phổ biến bằng tay hay máy phun ở Sóc Trăng.
"
113,1,2,3,2,0,1,"GẠO DỰ TRỮ NĂM 2022 TĂNG 30.000 TẤN SO VỚI NĂM 2021 Theo Tổng cục Dự trữ Nhà nước, số lượng gạo dự trữ năm 2022 tăng 30.000 tấn so với năm 2021 nhằm đáp ứng nhu cầu trong bối cảnh dịch bệnh và tăng cường nguồn lực dự trữ quốc gia.
"
22,1,2,1,0,0,0,PHÁT TRIỂN ĐA DẠNG HÓA CÁC THỊ TRƯỜNG XUẤT KHẨU GẠO Phó Thủ tướng Lê Minh Khái vừa ký Quyết định số 583/QĐ-TTg ngày 26/5/2023 phê duyệt Chiến lược phát triển thị trường xuất khẩu gạo của Việt Nam đến năm 2030 (Chiến lược)
236,1,2,1,2,0,0,"ỦY BAN THƯỜNG VỤ QUỐC HỘI THỐNG NHẤT BỔ SUNG 274 TỶ ĐỒNG MUA BÙ GẠO DỰ TRỮ Tiếp tục chương trình Phiên họp thứ 48, sáng 15/9, với 100% đại biểu tán thành, Ủy ban Thường vụ Quốc hội đã thông qua dự thảo Nghị quyết về việc bổ sung nhóm hàng vật tư, thiết bị y tế vào Danh mục hàng dự trữ quốc gia; dự thảo Nghị quyết về việc bổ sung kinh phí mua bù gạo dự trữ quốc gia.
"
49,1,1,0,1,0,0,"GẠO VIỆT DẦN VẮNG BÓNG TẠI THỊ TRƯỜNG TRUNG QUỐC Xuất khẩu gạo năm 2022 đạt hơn 7,1 triệu tấn, thu về 3,45 tỷ USD, vượt xa mục tiêu đề ra. Tuy nhiên, khách hàng lớn nhất của gạo Việt vẫn là Philippines, còn tại thị trường Trung Quốc gạo Việt dần vắng bóng.
"
206,1,0,1,0,0,0,"BÁO THÁI LAN KHEN NGỢI CHIẾN LƯỢC GẠO 'KHÔN NGOAN' CỦA VIỆT NAM Tờ Bangkok Post ngày 25/1 đăng bài 'Chiến lược gạo khôn ngoan của Việt Nam' của Phó Chủ tịch điều hành Ngân hàng Bangkok Suwatchai Songwanich trên mục 'Tiêu điểm châu Á', đồng thời so sánh với cách tiếp cận của Thái Lan
"
341,1,3,3,3,0,1,"XUẤT KHẨU GẠO “NÓNG” VỀ NHU CẦU VÀ GIÁ: SỚM “ĐÓN SÓNG” THỊ TRƯỜNG? Việc Việt Nam tạm dừng xuất khẩu gạo không chỉ khiến các thị trường nhập khẩu là Philippines, Hongkong... lo ngại mà còn đẩy giá gạo Thái Lan lên mức cao kỷ lục trong suốt 6 năm trở lại đây. Trong bối cảnh dịch Covid-19 đang diễn biến phức tạp, xuất khẩu gạo là một bài toán cần phải tính kỹ lưỡng.
"
123,1,1,1,0,0,0,"NHẬP KHẨU 300.000 TẤN GẠO TỪ CAMPUCHIA VỚI THUẾ SUẤT ƯU ĐÃI ĐẶC BIỆT Bộ Công Thương vừa ban hành Thông tư 06/2022/TT-BCT quy định việc nhập khẩu mặt hàng gạo và lá thuốc lá khô có xuất từ Campuchia theo hạn ngạch thuế quan năm 2021 và 2022.
"
178,1,1,0,1,0,0,"GẠO XUẤT KHẨU VIỆT, THÁI LAN TIẾP TỤC HẠ GIÁ Tuần qua, giá gạo xuất khẩu duy trì xu hướng ảm đạm tại các trung tâm lớn của châu Á. Nguyên nhân chính là mùa vụ mới sắp được đưa vào thị trường
"
84,1,3,1,0,3,0,"SẢN XUẤT LÚA GẠO Ở CHÂU Á GẶP KHÓ DO GIÁ PHÂN BÓN TĂNG Sản xuất lúa gạo đang bị đe dọa ở nhiều khu vực châu Á do chi phí phân bón tăng, gây ra nguy cơ tiềm ẩn đối với an ninh lương thực và nỗ lực nhằm kiềm chế lạm phát.
"
234,1,1,1,0,0,0,"BRAZIL KHẨN CẤP ĐƯA THUẾ NHẬP KHẨU GẠO VỀ 0% KHI GIÁ GẠO TRONG NƯỚC TĂNG MẠNH Brazil đã quyết định giảm thuế nhập khẩu về 0% từ mức 10% (với thóc) và 12% (với các loại gạo thành phẩm), thời gian áp dụng cho đến ngày 31/12/2020 với hạn ngạch tối đa là 400.000 tấn.
"
130,1,2,0,0,3,0,"MỞ RỘNG DIỆN TÍCH LIÊN KẾT SẢN XUẤT LÚA Cánh đồng sản xuất lúa của thôn Vinh Quang, xã Xuân Minh (Thọ Xuân) thời điểm này đã bén rễ, hồi xanh. Người dân đang tiến hành bón các loại phân cho diện tích lúa. Bà Trần Thị Nga, thôn Vinh Quang, cho biết: Toàn bộ cánh đồng sản xuất lúa của thôn đều được liên kết sản xuất và tiêu thụ sản phẩm với doanh nghiệp, nên việc chăm sóc phải theo đúng quy trình kỹ thuật của từng giai đoạn sinh trưởng. Với hơn 3 năm thực hiện sản xuất lúa theo hướng liên kết, bà Nga đã chủ động hoàn toàn việc gieo trồng và chăm sóc theo yêu cầu của doanh nghiệp.
"
119,1,3,0,0,3,0,"CHI PHÍ PHÂN BÓN ĐÈ NẶNG LÊN NÔNG DÂN TRỒNG LÚA CHÂU Á Chi phí phân bón tăng cao khiến nông dân trồng lúa trên khắp châu Á phải giảm sử dụng.
"
331,1,0,0,0,0,0,"THÁNG 5 SẼ ĐẤU THẦU MUA LẠI 182.000 TẤN GẠO DO DOANH NGHIỆP 'BÙNG' HỢP ĐỒNG Theo thông tin mới được Tổng cục Dự trữ Nhà nước phát đi, cơ quan này dự kiến sẽ đấu thầu lại số gạo hơn 182.300 tấn thiếu hụt do các nhà thầu bỏ không kí hợp đồng bán gạo.
"
200,1,3,1,3,1,2,"CUỘC KHỦNG HOẢNG CỦA NGÀNH LÚA GẠO CAMPUCHIA: TỪ NÔNG DÂN ĐẾN DOANH NGHIỆP ĐỀU KHÓ KHĂN Tờ Asia Times viết, ngành lúa gạo Campuchia đang khô cạn theo cả nghĩa đen lẫn nghĩa bóng. Trong khi mùa vụ khô cằn vì hạn hán thì các ngân hàng thương mại lại từ chối cấp thêm thanh khoản cho nông dân và doanh nghiệp xoay sở qua thời kỳ túng quẫn.
"
56,1,3,0,0,0,0,"NGƯỜI TRỒNG LÚA THÊM TIN VUI Các dự báo và diễn biến thực tế cho thấy gạo Việt Nam tiếp tục mở rộng đường xuất khẩu tại cả thị trường truyền thống và thị trường mới. Đây là tin vui cho người trồng lúa vùng ĐBSCL dịp cuối năm.
"
31,1,3,3,3,0,0,"INDONESIA CẦN 2 TRIỆU TẤN GẠO DỰ TRỮ: CƠ HỘI TỐT CHO GẠO VIỆT XUẤT KHẨU Bộ Công Thương dẫn thông tin mới nhất từ Bộ Thương mại Indonesia cho biết, Indonesia sẽ nhập khẩu 2 triệu tấn gạo dự trữ quốc gia trong năm 2023. Điều này mở ra cơ hội rất tốt cho các doanh nghiệp xuất khẩu gạo của Việt Nam.
"
196,1,0,0,0,2,0,"LAI TẠO RA “HẬU DUỆ” GIỐNG LÚA HUYẾT RỒNG VÙNG ĐBSCL Mới đây nhóm nhà khoa học do TS Đào Minh Sô (Trưởng Bộ môn Chọn tạo giống cây trồng, Viện Khoa học Kỹ thuật Nông nghiệp miền Nam) dẫn đầu đã lai tạo thành công “hậu duệ” của giống lúa màu Huyết Rồng nổi tiếng vùng ĐBSCL trước đây, với tên gọi là Mắt Rồng SR20.
"
274,1,1,0,0,0,0,"LẠI LO BÍ ĐƯỜNG XUẤT KHẨU GẠO Nhiều doanh nghiệp đang lo không xuất khẩu được gạo khi chưa ký được hợp đồng mới trong nhiều tuần qua giữa lúc giá gạo thế giới đang giảm
"
293,1,0,0,0,0,0,"SẼ CÓ KẾT QUẢ THANH TRA ĐIỀU HÀNH XUẤT KHẨU GẠO TRONG THÁNG 6 Thứ trưởng Công thương Đỗ Thắng Hải trả lời các cơ quan báo chí về thông tin thanh tra việc điều hành xuất khẩu gạo.
"
324,1,2,1,0,0,0,"BỘ CÔNG THƯƠNG KIẾN NGHỊ XUẤT KHẨU GẠO BÌNH THƯỜNG TRỞ LẠI TỪ NGÀY 1/5 Bộ Công Thương đề xuất cho phép cho phép hoạt động xuất khẩu gạo được trở lại bình thường từ ngày 1/5 với điều kiện các doanh nghiệp phải duy trì mức dự trữ lưu thông tối thiểu tương đương 5% số lượng gạo mà thương nhân đã xuất khẩu trong 6 tháng trước đó.
"
283,1,0,3,0,0,0,"BỘ TRƯỞNG BỘ CÔNG THƯƠNG: 'VIỆT NAM CÓ THỂ TRỞ THÀNH NHÀ XUẤT KHẨU GẠO HÀNG ĐẦU THẾ GIỚI TRONG NĂM NAY' Theo Bộ trưởng Trần Tuấn Anh, điều hành xuất khẩu gạo 5 tháng đầu năm 2020 đã bảo đảm được những yêu cầu quan trọng nhất là an ninh lương thực và mua giá tốt cho nông dân.
"
306,1,3,0,0,0,0,"MALAYSIA MUA 100.000 TẤN GẠO CỦA ẤN ĐỘ Quốc gia Đông Nam Á đã đạt thỏa thuận nhập khẩu lô gạo kỉ lục 100.000 tấn từ Ấn Độ và giao hàng ngay trong tháng này.
"
269,1,3,0,3,0,0,"GIÁ GẠO XUẤT KHẨU VIỆT NAM TĂNG CAO NHỜ NHU CẦU TỪ CUBA, MALAYSIA Nhu cầu mạnh mẽ từ Cuba và Malaysia đã kéo giá gạo xuất khẩu của Việt Nam lên cao nhất trong gần một tháng. Trong khi giá gạo xuất khẩu Thái Lan xuống đáy hơn 4 tháng trong tuần này vì thiếu người mua và đồng baht yếu.
"
315,1,3,0,0,0,0,"XUẤT KHẨU GẠO CAMPUCHIA TĂNG MẠNH TRONG 4 THÁNG ĐẦU NĂM 2020 Bộ trưởng Nông, Lâm, Ngư nghiệp Campuchia Veng Sakhon vừa cho biết, xuất khẩu gạo của nước này sang thị trường quốc tế trong 4 tháng đầu năm nay đã tăng khoảng 40,5% so với cùng kỳ năm ngoái, lên 300.000 tấn. Cũng trong giai đoạn này, xuất khẩu nông sản Campuchia theo đường chính thức đạt trên 2 triệu tấn và theo đường tiểu ngạch đạt 1 triệu tấn.
"
78,1,3,0,0,1,2,"NGUỒN CUNG GẠO TOÀN CẦU GIẢM VÌ THỜI TIẾT KHẮC NGHIỆT Thời tiết bất lợi đối với các nhà cung cấp gạo hàng đầu ở châu Á, bao gồm cả Ấn Độ, nước xuất khẩu lớn nhất - đang đe dọa giảm sản lượng lương thực chính quan trọng nhất của thế giới, trong bối cảnh giá lương thực gần kỷ lục.
"
198,1,3,0,3,0,0,"TRUNG QUỐC TĂNG CƯỜNG NHẬP KHẨU GẠO TRONG 2 THÁNG ĐẦU NĂM 2021 Khối lượng gạo nhập khẩu của Trung Quốc tăng hơn 3 lần trong 2 tháng đầu năm 2021, những thị trường cung cấp gạo chính cho thị trường này gồm Pakistan, Myanmar, Thái Lan, Việt Nam…
"
106,1,3,0,3,0,1,"XUẤT KHẨU GẠO VIỆT NAM BỨT PHÁ TRONG NĂM 2022 Năm 2022, xuất khẩu gạo của Việt Nam sẽ có sự bứt phá mạnh mẽ bởi nhiều yếu tố hậu thuẫn có lợi cho cả doanh nghiệp và người trồng lúa. Nhu cầu và giá lương thực trên thế giới tăng, sức chống chịu của doanh nghiệp tăng và đặc biệt là doanh nghiệp Việt Nam đã có thêm nhiều kinh nghiệm để ứng phó linh hoạt, sản xuất an toàn trong điều kiện dịch Covid-19, đảm bảo nguồn cung đáp ứng yêu cầu tiêu dùng trong nước và xuất khẩu.
"
187,1,1,1,0,0,0,"THÁI LAN CẮT GIẢM THUẾ XUẤT KHẨU GẠO ĐỂ GIỮ THỊ PHẦN Chính phủ Thái Lan đã nhất trí giảm thuế xuất khẩu gạo sang châu Âu và Anh nhằm tăng cường khả năng cạnh tranh của gạo Thái Lan trên thị trường thế giới.
"
270,1,0,0,0,0,0,"ĐẠI GIA LÚA GẠO MIỀN NAM - VINAFOOD2 BÁO LỖ 170 TỶ ĐỒNG NĂM 2019 Tổng công ty Lương thực miền Nam (Vinafood2, VSF) vừa công bố Báo cáo tài chính hợp nhất đã kiểm toán cho năm 2019 với con số lỗ hơn 100 tỷ đồng và nhận về nhiều ý kiến ngoại trừ của kiểm toán viên.
"
195,1,3,0,0,1,0,"GIÁ LÚA ĐÔNG XUÂN THÁNG 3 GIẢM NHẸ NHƯNG VẪN Ở MỨC CAO Theo Bộ NN&PTNT vụ lúa Đông Xuân năm nay nông dân vẫn trúng mùa, giá lúa ở mức cao đảm bảo có lãi
"
33,1,3,0,0,0,0,"BỘ CÔNG THƯƠNG: GIÁ GẠO XUẤT KHẨU VIỆT NAM CAO NHẤT THẾ GIỚI Từ tháng 8/2022, giá gạo xuất khẩu loại 5% tấm của Việt Nam vượt Thái Lan, Ấn Độ và ở mức cao nhất thế giới.
"
280,1,2,1,0,0,0,"THÁI LAN CÔNG BỐ LỘ TRÌNH GIÁ LÚA GẠO NIÊN VỤ 2020/2021 Ủy ban Chính sách lúa gạo quốc gia vừa phê duyệt chương trình bảo lãnh giá gạo cho niên vụ 2020/21, với nguồn ngân sách dự kiến ​​85,2 tỷ bạt, (27,3 triệu USD).
"
249,1,2,0,0,2,0,"CHIẾN LƯỢC LÚA GẠO MỚI CỦA THÁI LAN: NÂNG CHẤT LƯỢNG VÀ NĂNG SUẤT LÚA LÊN 600 KG/RAI Năng suất lúa của Thái Lan đang thấp hơn nhiều so với Việt Nam, Indonesia, Ấn Độ, Trung Quốc và Mỹ. Thậm chí năng suất lúa của cường quốc xuất khẩu gạo này còn thấp hơn cả các nước láng giềng mới nổi như Myanmar, Lào, Campuchia và Malaysia.
"
147,1,0,1,0,3,0,"LIỆU SẼ ‘HỒI SINH’ QUY ĐỊNH KHO CHỨA, CÔNG SUẤT CHẾ BIẾN TRONG ĐIỀU KIỆN KINH DOANH XUẤT KHẨU GẠO Bộ Công Thương đang lấy ý kiến sửa đổi, bổ sung nghị định về kinh doanh xuất khẩu gạo (Nghị định 107/2018/NĐ-CP). Trong đó, có quy định về sức chứa tối thiểu của kho chuyên dùng và công suất tối thiểu của cơ sở xay xát, chế biến lúa gạo – vốn là một quy định đã từng được bãi bỏ.
"
37,1,3,0,3,0,0,"GIÁ GẠO XUẤT KHẨU TĂNG CAO NHẤT 10 NĂM QUA Giá gạo xuất khẩu bình quân 3 tháng đầu năm 2023 đạt 531 USD/tấn, tăng 9,2% so với cùng kỳ năm 2022 và cao nhất trong vòng 10 năm qua. Đặc biệt, giá gạo xuất khẩu bình quân sang Trung Quốc đạt 589 USD/tấn, tăng hơn 18% so với cùng kỳ năm trước…
"
115,1,2,0,0,2,0,"LẠC QUAN XUẤT KHẨU GẠO NĂM 2022 Gạo Việt Nam đang chinh phục thế giới bằng chất lượng, dự báo xuất khẩu gạo năm 2022 rất lạc quan
"
347,1,3,0,3,0,0,"TRUNG QUỐC TĂNG NHẬP KHẨU GẠO VIỆT GẤP HƠN 8 LẦN Trung Quốc, Đài Loan, Mozambique là những thị trường tăng mạnh nhập khẩu gạo Việt Nam trong những tháng đầu năm dù giá gạo tăng cao.
"
232,1,1,0,0,0,0,"8 THÁNG VIỆT NAM NHẬP HƠN 12.800 TẤN GẠO CAMPUCHIA Campuchia có hơn 70 công ty tham gia xuất khẩu gạo đi 65 nước, vùng lãnh thổ trong 8 tháng đầu năm nay.
"
20,1,3,0,0,2,0,"THỜI CƠ LỚN ĐỂ CHUẨN HÓA, NÂNG CẤP NGÀNH HÀNG LÚA GẠO Việc giá gạo xuất khẩu tăng cao nhất trong 10 năm qua, cùng với những thuận lợi trên thị trường hiện nay, doanh nghiệp Việt Nam đang đứng trước cơ hội lớn để đẩy mạnh xuất khẩu; đồng thời đây cũng là thời cơ để Việt Nam nâng cấp, chuẩn hóa ngành hàng lúa gạo, tạo sự phát triển bền vững, trong tương lai…"
45,1,2,1,0,2,0,"LẤY Ý KIẾN VỀ ĐỀ ÁN PHÁT TRIỂN 1 TRIỆU HÉC TA LÚA CHẤT LƯỢNG CAO Ở ĐBSCL Bộ Nông nghiệp và Phát triển nông thôn đề nghị UBND các địa phương vùng Đồng bằng sông Cửu Long (ĐBSCL) cho ý kiến để hoàn thiện đề án phát triển 1 triệu héc ta lúa chất lượng cao ở vùng này. Đây sẽ là cơ sở để đơn vị này hoàn thiện các nội dung và giải pháp tổ chức thực hiện đề án.
"
90,1,2,0,0,0,1,"NGUYÊN NHÂN DẪN ĐẾN GẦN 1.800 HA VỤ ĐÔNG XUÂN BỊ NHIỄM LÚA CỎ Theo ông Nguyễn Quý Dương, Phó Cục trưởng Cục Bảo vệ thực vật, Bộ Nông nghiệp và Phát triển nông thôn, lúa cỏ xuất hiện tại các tỉnh phía Bắc từ nhiều năm nay nhưng với mật độ và diện tích nhiễm thấp.
"
299,1,1,0,0,2,0,"CAMPUCHIA ĐỊNH HƯỚNG BỘ GIỐNG LÚA CHẤT LƯỢNG ĐỂ XUẤT KHẨU Campuchia đã xuất khẩu 356.097 tấn gạo trong năm tháng đầu năm, tăng trên 42% so với cùng kỳ năm 2019 và đang tập trung sản xuất các giống lúa ngon phục vụ xuất khẩu.
"
204,1,2,1,0,0,0,"DOANH NGHIỆP TRÚNG THẦU GẠO DỰ TRỮ QUỐC GIA MÀ 'LẬT KÈO' SẼ BỊ TRỪ ĐIỂM UY TÍN Nhằm ngăn chặn tình trạng doanh nghiệp trúng thầu gạo dự trữ Quốc gia nhưng lại từ chối ký hợp đồng, sau đó để xuất khẩu với giá cao hơn, ông Nguyễn Văn Bình, Vụ trưởng Vụ Chính sách pháp chế (Tổng cục Dự trữ Nhà nước) cho biết: Tổng cục Dự trữ sẽ áp dụng ngay từ năm 2021 là chấm điểm uy tín các nhà thầu.
"
77,1,1,0,2,2,0,"TÌM NGUYÊN NHÂN KHIẾN GIÁ GẠO XUẤT KHẨU CỦA VIỆT NAM SỤT GIẢM Giá gạo xuất khẩu của Việt Nam đã giảm mạnh, rời khỏi mốc 400 USD/tấn, vì thị trường bão hòa hay chất lượng gạo sụt giảm?
"
276,1,1,0,0,0,0,"CHƯA KỊP VƯỢT THÁI LAN, XUẤT KHẨU GẠO ĐÃ 'ĐÓI' ĐƠN HÀNG Sau thời gian sôi động, thậm chí Việt Nam được kỳ vọng có triển vọng vượt qua Thái Lan để ""soán"" ngôi đầu xuất khẩu gạo trên thị trường thế giới, thời gian gần đây, nhiều doanh nghiệp xuất khẩu gạo lại đang rơi vào tình cảnh rất khó tìm kiếm đơn hàng.
"
97,1,3,0,0,0,0,"GIÁ LÚA THẾ GIỚI TĂNG, NÔNG DÂN ĐBSCL VẪN CHƯA VUI Thời gian gần đây, giá gạo thế giới có xu hướng tăng cao. Điều này ít nhiều tác động đến thị trường lúa gạo trong khu vực ĐBSCL. Thế nhưng thu nhập của nông dân thực chất không tăng.
"
221,1,1,0,1,0,0,"XUẤT KHẨU GẠO VÀO EU CHỈ BẰNG 1/6 SO VỚI THÁI LAN Theo Cục Trồng trọt, tổng nhu cầu nhập khẩu gạo của EU là 2,3 triệu tấn gạo/năm với giá trị là 1,4 tỷ Euro năm 2019; so với các nước ASEAN khác, xuất khẩu gạo của Việt Nam vào EU chỉ bằng 1/6 với Thái Lan, 1/10 Myanmar, 1/4 Campuchia.
"
213,1,1,0,0,0,0,"XUẤT NHẬP KHẨU VIỆT NAM VÀ PHILIPPINES THÁNG 10/2020: XUẤT KHẨU GẠO GIẢM GẦN 50% Việt Nam xuất khẩu sang Philippines gần 267,2 triệu USD và nhập khẩu gần 168 triệu USD. Giúp cán cân thương mại thặng dư 99,2 triệu USD.
"
344,1,3,1,0,0,0,"BỘ CÔNG THƯƠNG ĐỀ XUẤT CHO PHÉP XUẤT KHẨU 400 NGHÌN TẤN GẠO TRONG THÁNG 4 Bộ Công Thương cho biết sau khi tính toán kĩ để đảm bảo an ninh lương thực, Bộ đề xuất trước mắt trong tháng 4 cho phép xuất khẩu 400 nghìn tấn gạo. Thủ tướng sẽ xem xét, quyết định phương hướng điều hành xuất khẩu gạo cho tháng 5.
"
91,1,0,0,0,2,0,"TẬP ĐOÀN LỘC TRỜI MUỐN LÀM DỰ ÁN 1 TRIỆU HECTA TRỒNG LÚA CHẤT LƯỢNG CAO TẠI ĐBSCL Ông Huỳnh Văn Thòn, Chủ tịch HĐQT Tập đoàn Lộc Trời đã đề xuất tham gia thực hiện dự án 1 triệu hecta trồng lúa chất lượng cao tại vùng Đồng bằng sông Cửu Long.
"
237,1,2,1,0,3,0,"XÂY DỰNG CHUỖI GIÁ TRỊ, LIÊN KẾT TIÊU THỤ LÚA GẠO VNSAT Tiếp tục tăng cường đào tạo nông dân, tạo chuỗi liên kết, xây dựng thương hiệu lúa gạo, đẩy nhanh tiến độ giải ngân, chuyển sang đầu tư công, để sử dụng hết nguồn vốn.
"
141,1,2,0,2,0,0,"LIÊN KẾT SẢN XUẤT VÀ TIÊU THỤ LÚA GẠO ĐỂ PHÁT TRIỂN BỀN VỮNG Bạc Liêu khuyến khích nông dân tiếp tục nhân rộng mô hình sản xuất giống lúa ST24, ST25, với diện tích khoảng 10.000 ha.
"
40,1,0,0,0,0,0,"GẠO VIỆT NAM TRÊN CÁNH ĐỒNG THÁI LAN Nông dân Thái Lan đang âm thầm chuyển sang canh tác các giống lúa Việt Nam do rẻ hơn, dễ canh tác hơn và ăn dẻo tương tự, được người tiêu dùng ưa chuộng. Tuy nhiên, nhà chức trách Thái Lan đang lo ngại giống ngoại giúp nông dân đáp ứng nhu cầu giá rẻ nhưng làm mất thương hiệu quốc gia.
"
273,1,2,1,0,0,0,"THÁI LAN ĐỀ RA CHIẾN LƯỢC PHÁT TRIỂN LÚA GẠO GIAI ĐOẠN 2020 – 2024 Chính phủ Thái Lan đang tìm cách xúc tiến 7 sản phẩm gạo và phát triển lúa giống theo chiến lược sản xuất định hướng marketing cho giai đoạn 2020 – 2024. Theo Bộ trưởng Thương mại Thái Lan Jurin Laksanawisit, gần đây đã chủ trì cuộc họp đầu tiên của một hội đồng được giao nhiệm vụ đưa ra chiến lược ngành gạo Thái Lan, kế hoạch chiến lược kéo dài 4 năm sẽ tập trung chủ yếu vào gạo Hom Mali Thái, gạo thơm Thái, gạo trắng mềm cơm, gạo trắng cứng cơm, gạo đồ, gạo nếp và gạo đặc sản.
"
168,1,3,0,3,0,1,"KHÓ CHỒNG KHÓ VÌ NGHẼN CẢNG, DOANH NGHIỆP XUẤT KHẨU GẠO BẾ TẮC KHÔNG DÁM KÝ HỢP ĐỒNG Việc tạm ngừng cung cấp dịch vụ đóng rút gạo tại Cảng Tân Cảng Hiệp Phước là trường hợp bất khả kháng do dịch bệnh. Tuy nhiên, các doanh nghiệp xuất khẩu gạo đang rơi vào tình cảnh tiến thoái lưỡng nan khi có khách hàng mà vẫn không dám ký kết hợp đồng vì không biết khi nào có thể giao hàng.
"
336,1,3,1,0,0,0,"ĐƯỢC PHÉP XUẤT GẠO, DOANH NGHIỆP SẼ MUA LÚA GIÁ CAO Quyết định của Thủ tướng cho phép xuất khẩu gạo trở lại rất phù hợp với nguyện vọng của các doanh nghiệp (DN) hoạt động trong ngành hàng lúa gạo Việt Nam, nhất là DN ở ĐBSCL.
"
207,1,1,0,1,0,1,"THÁI LAN DỰ BÁO TRIỂN VỌNG XUẤT KHẨU GẠO VẪN ẢM ĐẠM TRONG NĂM 2021 Xuất khẩu gạo của Thái Lan được cho là sẽ phục hồi nhẹ so với khối lượng 5,8 triệu tấn được dự kiến trong năm 2020, mức thấp nhất trong 20 năm qua do sức mua toàn cầu yếu đi vì chịu ảnh hưởng của dịch viêm đường hô hấp cấp COVID-19, tình trạng thiếu container và sự tăng giá của đồng nội tệ.
"
210,1,0,2,0,0,0,"LÚA GẠO LÀ MỘT TRONG NHỮNG NGÀNH HÀNG TIỀM NĂNG KHI UKFTA KÝ KẾT Theo Bộ Công Thương dư địa tăng trưởng thị trường tại Vương quốc Anh cho sản phẩm Việt Nam còn rất lớn vì tất cả sản phẩm xuất khẩu Việt Nam chỉ chiếm được không quá 1% thị phần trong tổng kim ngạch nhập khẩu hàng hóa mỗi năm gần 700 tỉ USD (2019) của Anh. Trong các mặt hàng, gạo là một trong những ngành được xem là có tiềm năng khi Hiệp định UKVFTA có hiệu lực.
"
235,1,3,0,3,0,0,"GIÁ GẠO THÁI DỨT BA TUẦN TĂNG LIÊN TIẾP NHƯNG VẪN TRÊN 500 USD/TẤN, CAO HƠN GIÁ GẠO VIỆT Tuần qua, giá gạo xuất khẩu của Thái Lan đã giảm nhẹ, dứt chuỗi tăng trong ba tuần liên tiếp vì đồng baht giảm theo sau sự tự chức của Bộ trưởng Tài chính nước này. Trong khi đó, giá gạo Việt Nam tăng với cảnh báo thiếu hụt nguồn cung.
"
72,1,3,0,0,2,0,"GẠO DT8 CỦA VIỆT NAM CHIẾM ƯU THẾ TẠI PHILIPPINES, THÁI LAN “MUỐN CŨNG KHÔNG ĐƯỢC"" Theo chuyên gia và là người trong cuộc, chỉ Việt Nam mới sản xuất được DT8 (Đài Thơm 8) nên chiếm ưu thế tại thị trường Philippines, Thái Lan dù “rất thèm muốn” nhưng không thể cạnh tranh được.
"
98,1,1,0,0,3,0,"SẢN XUẤT Ở ĐBSCL, NHỮNG TRỞ NGẠI: LIÊN KẾT KHÓ TỪ ĐÂU? ĐBSCL, chuỗi liên kết sản xuất lúa gạo trên cánh đồng lớn chưa chặt chẽ, còn mang tính thời vụ, lợi ích cục bộ và chưa bền vững. Vì sao?
"
132,1,2,0,0,3,0,"ĐỒNG THÁP SẼ CÓ 15 - 20% DIỆN TÍCH NÔNG NGHIỆP TƯỚI TIÊN TIẾN Đồng Tháp Đồng Tháp sẽ có 15 - 20% diện tích canh tác nông nghiệp được đầu tư hệ thống thủy lợi, tưới tiên tiến, tiết kiệm nước và tưới tiêu hiện đại thông minh…
"
103,1,3,0,0,2,0,"SO KÈ GẠO VIỆT NAM VỚI CÁC ĐỐI THỦ CẠNH TRANH Giá gạo 5% tấm của Việt Nam đang ở mức cao hơn so với các đối thủ như Thái Lan hay Ấn Độ. Tuy nhiên để mở rộng thị trường hơn thì gạo Việt Nam phải chuyển hướng nâng cao chất lượng.
"
243,1,0,0,0,0,0,"TỔNG GIÁM ĐỐC CÔNG TY TRUNG AN GIẢI THÍCH PHÁT NGÔN '90% NGƯỜI DÂN VIỆT NAM ĂN GẠO BẨN' Ông Phạm Thái Bình, Tổng giám đốc Công ty cổ phần nông nghiệp công nghệ cao Trung An giải thích rằng với ông, nếu sản phẩm không đạt tiêu chuẩn VietGAP; GlobalGAP thì bị coi là “bẩn”.
"
74,1,3,1,3,1,0,"XUẤT KHẨU GẠO TĂNG KỶ LỤC Bảy tháng đầu năm, Việt Nam xuất khẩu gần 4,2 triệu tấn gạo, tăng hơn 20% so với cùng kỳ năm ngoái, trong đó thị trường Mỹ tăng mạnh nhất với hơn 65%.
"
292,1,3,0,0,1,0,"NHÌN LẠI VỤ LÚA XUÂN 2020 Các tỉnh phía Bắc vụ lúa xuân đã và sắp kết thúc giai đoạn thu hoạch, tổng thể chung các địa phương và Bộ chuyên ngành đánh giá là vụ “được mùa, được giá”.
"
25,1,3,1,3,0,1,"VIỆT NAM TRỞ THÀNH NƯỚC XUẤT KHẨU GẠO LỚN NHẤT VÀO TRUNG QUỐC Trung Quốc đã tăng gần gấp đôi lượng gạo nhập khẩu từ Việt Nam trong 4 tháng đầu năm nay sau khi nước này dỡ bỏ chính sách Zero COVID và mở cửa trở lại nền kinh tế, qua đó đưa Việt Nam trở thành nước xuất khẩu gạo lớn nhất vào Trung Quốc.
"
212,1,0,0,0,2,0,"THÁI LAN ĐẶT CƯỢC VÀO GIỐNG GẠO MỚI ĐỂ GIÀNH LẠI NGÔI VỊ QUÁN QUÂN XUẤT KHẨU THẾ GIỚI Ngành lúa gạo Thái Lan có giá trị 6 tỉ USD mỗi năm và gần 50% trong số đó là xuất khẩu. Nhưng thiếu các giống gạo mềm đang gia tăng thêm sức ép cho ngành xuất khẩu gạo của quốc gia này.
"
24,1,3,0,3,0,0,"CƠ HỘI XUẤT KHẨU GẠO CỦA VIỆT NAM RẤT LỚN KHI NHU CẦU THẾ GIỚI TĂNG Dự báo nguồn cung lương thực giảm mạnh trong khi nhu cầu dự trữ của các nước tăng cao, xuất khẩu gạo của Việt Nam có thể đạt kỷ lục trong năm nay."
65,1,3,0,0,2,0,"CÀ MAU: HƠN 600HA MÔ HÌNH TÔM - LÚA ĐẠT CHỨNG NHẬN QUỐC TẾ ASC Tin vui cho người nuôi tôm là tại tỉnh Cà Mau có hơn 600 héc ta mô hình canh tác tôm - lúa vừa được cấp giấy chứng nhận quốc tế ASC Group. Đây là chứng nhận quốc tế ASC đầu tiên trong cả nước. Qua đó góp phần khẳng định vị trí của con tôm Việt Nam trên thị trường quốc tế.
"
131,1,0,0,0,0,0,"XUẤT KHẨU GẠO PAKISTAN SANG TRUNG QUỐC NĂM 2021 TĂNG 133% Xuất khẩu gạo của Pakistan sang Trung Quốc (Mã HS 1006) đạt 400 triệu USD vào năm 2021, tăng 133% so với cùng kỳ năm liền trước, và trong năm tháng đầu năm ngoái, Pakistan vẫn là nhà cung cấp gạo lớn nhất cho Trung Quốc.
"
343,1,3,0,3,0,1,"LO NGẠI VỀ AN NINH LƯƠNG THỰC ẢNH HƯỞNG RÕ NÉT TỚI HOẠT ĐỘNG XUẤT KHẨU GẠO CHÂU Á Mua sắm và tích trữ hàng hóa khi dịch bệnh lan rộng đã làm dấy lên lo ngại về nguồn cung thực phẩm. Chính phủ các nước trên thế giới cũng nhận thức sâu sắc rằng cung ứng đủ lương thực ở mức giá phải chăng cho người dân là vấn đề vô cùng quan trọng để đảm bảo ổn định chính trị, đặc biệt là tại châu Á.
"
111,1,2,0,0,3,0,"VIỆN TRƯỞNG VIỆN LÚA ĐBSCL: TƯƠNG LAI NGÀNH LÚA GẠO RẤT KHẢ QUAN! Viện Lúa ĐBSCL với tầm nhìn tương lai ngành hàng lúa gạo Việt Nam rất khả quan, với nội lực từ nguồn giống, hệ thống canh tác và công nghệ sản xuất cạnh tranh.
"
66,1,2,0,0,1,0,"ST25 - “GẠO NGON THẾ GIỚI” CANH TÁC CHO NĂNG SUẤT CAO TẠI HUYỆN SÓC SƠN Sau một mùa vụ thử nghiệm ở quy mô nhỏ cho kết quả tích cực, Hội Nông dân huyện Sóc Sơn (Hà Nội) đã mở rộng canh tác giống lúa ST25 trên địa bàn 16 xã. Đây là giống lúa cho chất lượng gạo ngon, từng giành giải Nhất, Nhì cuộc thi “Gạo ngon thế giới”.
"
222,1,3,0,0,2,0,"GẠO VIỆT ĐUA NHAU XUẤT NGOẠI, NHIỀU GIỐNG MỚI NGÀY CÀNG ĐƯỢC ƯA CHUỘNG TRONG NƯỚC Nhiều loại gạo ngon như ST24, ST25, Jasmine 85, Tài Nguyên Chợ Đào... của Việt Nam được người tiêu dùng cả trong và ngoài nước ưa chuộng và sử dụng trong các bữa cơm gia đình.
"
85,1,3,0,0,0,1,"GẠO CÓ THỂ TRỞ THÀNH THÁCH THỨC TIẾP THEO ĐỐI VỚI NGUỒN CUNG LƯƠNG THỰC TOÀN CẦU KHI TÌNH TRẠNG THIẾU MƯA Ở ẤN ĐỘ - NƯỚC XUẤT KHẨU LỚN GẠO NHẤT THẾ GIỚI - KHIẾN DIỆN TÍCH TRỒNG TRỌT BỊ THU HẸP NHIỀU NHẤT TRONG BA NĂM. Gạo có thể trở thành thách thức tiếp theo đối với nguồn cung lương thực toàn cầu khi tình trạng thiếu mưa ở Ấn Độ - nước xuất khẩu lớn gạo nhất thế giới - khiến diện tích trồng trọt bị thu hẹp nhiều nhất trong ba năm.
"
321,1,3,0,0,0,0,"GIÁ GẠO ẤN ĐỘ ĐẠT MỨC CAO NHẤT 8 THÁNG GẦN ĐÂY, GIÁ GẠO THÁI LAN GIẢM SAU MƯA Giá gạo Ấn Độ đạt mức cao nhất 8 tháng gần đây, giá gạo Thái Lan giảm sau mưa
"
27,1,3,0,0,0,0,"KIM NGẠCH XUẤT KHẨU GẠO CỦA CẢ NƯỚC 4 THÁNG NĂM 2023 TĂNG 54,5% Tổng khối lượng và giá trị xuất khẩu gạo 4 tháng đầu năm đạt 2,95 triệu tấn với 1,56 tỷ USD, tăng 43,6% về khối lượng và tăng 54,5% về giá trị, mức tăng cao nhất trong nhóm nông sản chủ lực.
"
10,1,3,0,3,0,2,"EL NINO KHIẾN NHIỀU NƯỚC TĂNG MUA GẠO VIỆT VÀI CHỤC LẦN 5 tháng đầu năm, nhiều quốc gia ở châu Á và Trung Đông ồ ạt mua gạo Việt với kim ngạch tăng từ 30% đến vài chục lần"
95,1,0,1,0,2,0,"CÁCH NÀO ĐỂ PHÁT TRIỂN THÀNH CÔNG MỘT TRIỆU HÉC TA LÚA CHẤT LƯỢNG CAO? Một triệu héc ta lúa chất lượng cao phục vụ cho nhu cầu xuất khẩu là điều cần thiết. Song, một số ý kiến từ doanh nghiệp cũng như chuyên gia nông nghiệp cho rằng để thực hiện mục tiêu này cần rút ra bài học từ thất bại của một mô hình tương tự, đó là cánh đồng lớn, để từ đó có điều chỉnh phù hợp về chính sách.
"
151,1,3,0,0,3,1,"ĐBSCL THIẾU KHOẢNG 50.000 - 70.000 TẤN LÚA GIỐNG Do ảnh hưởng dịch Covid-19, nhiều địa phương giãn cách nên việc thu hoạch, sơ chế bảo quản giống tại công ty và hệ thống sản xuất giống gặp khó khăn. Tình trạng này sẽ làm gia tăng việc nông dân lấy lúa hàng hóa làm lúa giống.
"
218,1,0,0,0,2,0,"THÁI LAN QUYẾT TÂM GIỮ VỮNG 'NGÔI VƯƠNG' CHO GẠO Bộ trưởng Thương mại Thái Lan Jurin Laksanawisit mới đây cho biết việc gạo thơm Hom Mali của Thái Lan giành lại vị trí quán quân thế giới tại Hội nghị Lúa gạo Thế giới lần thứ 12 không chỉ mang lại lợi ích cho nông dân, mà còn cho toàn bộ ngành kinh doanh lúa gạo Thái Lan. Vì giải thưởng đã chứng thực chất lượng của loại ngũ cốc chủ đạo của quốc gia Đông Nam Á này.
"
252,1,3,0,0,2,0,"CƠ HỘI VỚI HẠT GẠO VIỆT NAM Bước sang tháng 8-2020, giá gạo xuất khẩu của Thái Lan và Ấn Độ đều tăng. Nhưng Việt Nam mới là nước có những gam sáng trong xuất khẩu gạo rõ nét. Theo các chuyên gia lúa gạo, khối lượng và giá trị xuất khẩu gạo đều tăng trưởng, Việt Nam sẽ vượt Thái Lan vươn lên vị trí xuất khẩu gạo số 1 thế giới trong năm 2020. Vấn đề hiện nay là xác lập, khẳng định thương hiệu gạo Việt trên thương trường.
"
104,1,2,0,0,0,0,"QUẢNG TRỊ: GIẤC MƠ LÚA HỮU CƠ VƯƠN SANG MỸ, ÂU KHÔNG CÒN XA! Tỉnh Quảng Trị đặt mục tiêu đến năm 2025 sẽ mở rộng diện tích canh tác khoảng 1.000 ha lúa hữu cơ, xuất khẩu gạo sang thị trường Mỹ và châu Âu.
"
313,1,0,0,0,0,0,"DỰ BÁO CUNG – CẦU GẠO THẾ GIỚI NĂM 2019/20 Trong báo cáo công bố tháng 4/2020, Bộ Nông nghiệp Mỹ (USDA) đã hạ dự báo về sản lượng gạo niên vụ 2019/20 của Myanmar, Campuchia, Lào, Philippines, Thái Lan và Việt Nam.
"
162,1,0,0,0,0,0,"TỔNG CỤC THỐNG KÊ: TÌNH HÌNH SẢN XUẤT LÚA ĐẾN TRUNG TUẦN THÁNG 8/2021 Tính đến trung tuần tháng Tám, cả nước thu hoạch được 999,4 nghìn ha lúa hè thu, chiếm 51,1% diện tích gieo cấy và bằng 97,9% cùng kỳ năm trước
"
12,1,3,0,3,1,0,"XUẤT KHẨU GẠO TIẾP TỤC KHỞI SẮC Chỉ trong 5 tháng đầu năm, xuất khẩu gạo đã đạt 3,62 triệu tấn, là mặt hàng hiếm hoi có kim ngạch xuất khẩu tăng trong bối cảnh khó khăn chung."
99,1,1,0,0,1,0,"ĐỒNG THÁP: TRỒNG LÚA CHO NĂNG SUẤT CAO NHƯNG LỢI NHUẬN GIẢM Vụ lúa Đông Xuân và Hè Thu năm 2022 ở tỉnh Đồng Tháp cho năng suất bình quân ước đạt 73,33 tạ/ha, tăng 0,14 tạ/ha so với cùng kỳ, cao hơn vụ Đông Xuân 2018 - 2019 hơn 2 tạ/ha; lợi nhuận vụ lúa Đông Xuân từ 20-22 triệu đồng/ha, giảm hơn 10 triệu đồng/ha so với năm 2021.
"
69,1,3,1,3,0,2,"GIÁ LÚA GẠO TRONG NƯỚC VÀ XUẤT KHẨU ĐỀU TĂNG Trong tuần qua, giá gạo trong nước và xuất khẩu điều chỉnh tăng mạnh. Đặc biệt là gạo phẩm cấp thấp đã tăng mạnh sau động thái siết chặt xuất khẩu của Ấn Độ. Thời tiết khắc nghiệt ở nhiều quốc gia Châu Á, nơi chiếm 90% sản lượng gạo toàn cầu, đang đặt nguồn cung gạo vào tình trạng thiếu hụt đáng báo động.
"
60,1,3,0,0,0,0,"GIÁ XUẤT KHẨU CỦA GẠO VIỆT SẼ CAO ĐẾN HẾT NĂM 2022 Kết thúc 10 tháng đầu năm, xuất khẩu gạo đạt khoảng 6 triệu tấn, cách không còn xa so với mục tiêu năm 2022 và mức giá đang bỏ cách xa Thái Lan 23 USD/tấn.
"
177,1,0,0,0,0,0,"20.000 TẤN GẠO THÁI LAN ĐƯỢC GIAO ĐẾN TRUNG QUỐC TỪ THÁNG 6 ĐẾN THÁNG 7 Thương vụ mua 20.000 tấn gạo trắng này có điều kiện linh hoạt cho phép Trung Quốc nhập khẩu bất kỳ loại gạo nào từ Thái Lan, không giới hạn số lượng.
"
47,1,2,3,0,0,0,"ẤN ĐỘ: CÂN NHẮC LẠI LỆNH CẤM XUẤT KHẨU GẠO Hoạt động thu mua lúa gạo đang có tiến độ ổn định với giá gạo nội địa bắt đầu quay trở lại bình thường, chính phủ Ấn Độ có thể cân nhắc lại lệnh cấm xuất khẩu gạo tấm, mặc dù lệnh cấm hiện vẫn đang được thực thi. Xuất khẩu gạo hoàn toàn như hiện nay nhưng các vấn đề vẫn đang trong giai đoạn thảo luận.
"
255,1,3,0,2,1,0,"LÚA GẠO DỒI DÀO, THỊ TRƯỜNG KHỞI SẮC Những ngày qua, giá lúa ở một số tỉnh, thành ĐBSCL đột ngột tăng cao. Dù vậy, lúa vụ hè thu và thu đông vẫn rất dồi dào, gạo đầy ắp, không lo thiết hụt.
"
153,1,2,0,0,0,2,"BẢO VỆ LÚA THU ĐÔNG TRONG MÙA MƯA LŨ Hiện lúa thu đông 2021 ở các tỉnh ĐBSCL phát triển tốt, ít sâu bệnh hơn mọi năm. Các địa phương đã sẵn sàng các phương án bảo vệ lúa trong mùa mưa lũ.
"
8,1,3,1,3,0,0,"ẤN ĐỘ SIẾT THÊM NGUỒN CUNG GẠO TOÀN CẦU Ấn Độ - nước xuất khẩu gạo lớn nhất thế giới - vừa công bố thêm các quy định nhằm siết bán gạo ra nước ngoài.
"
23,1,3,0,0,0,0,"GẠO VÀ HÀNG THIẾT YẾU - ĐIỂM SÁNG TRONG BỨC TRANH XUẤT KHẨU Trong khi xuất khẩu dệt may, gỗ, thủy sản giảm mạnh 4 tháng đầu năm, hàng thiết yếu, gạo và trái cây Việt xuất đi các nước tăng trưởng ngược dòng."
261,1,3,0,3,0,1,"GIÁ GẠO XUẤT KHẨU THÁI LAN, ẤN ĐỘ ĐỒNG LOẠT TĂNG TRONG TUẦN NÀY Giá gạo Ấn Độ tăng trong tuần này vì khủng hoảng đại dịch COVID-19 trở nên tồi tệ hơn gây ra những vấn đề về hậu cần, trong khi lũ lụt trên diện rộng tại Bangladesh khiến mùa màng bị thiệt hại nặng.
"
158,1,0,0,0,0,2,"TÍNH TOÁN GIẢM THÂM CANH LÚA GẠO Ở ĐBSCL Đầu tháng 9-2021, nông dân Bạc Liêu gặp nhiều khó khăn trong thu hoạch lúa và phải nhờ các tỉnh Hậu Giang, Sóc Trăng “chi viện” máy gặt đập liên hợp để hỗ trợ. Hành trình của hạt lúa ở vùng ĐBSCL tiếp tục gặp những trở ngại.
"
257,1,3,2,0,0,0,"GẠO VIỆT NAM ĐÃ CÓ MẶT TẠI CÁC SIÊU THỊ LỚN CỦA THỤY ĐIỂN Chỉ một năm trước đó, gạo Việt Nam vẫn còn ""vắng bóng"" tại các cửa hàng, siêu thị bán lẻ nhưng kể từ cuối năm 2019 đến nay, gạo Việt Nam đã có mặt tại các siêu thị lớn và hầu hết các cửa hàng thực phẩm châu Á tại Thụy Điển.
"
247,1,0,0,0,0,0,"TOP 10 THỊ TRƯỜNG VIỆT NAM XUẤT KHẨU GẠO NHIỀU NHẤT 7 THÁNG 2020 7 tháng đầu năm Việt Nam xuất khẩu trên 4 triệu tấn gạo thu về 1,95 tỉ USD. Philippines đứng đầu về tiêu thụ gạo nước ta với 1,5 triệu tấn trị giá hơn 688 triệu USD.
"
323,1,2,0,0,1,0,"CÁC TỈNH PHÍA NAM THU HOẠCH GẦN 1,68 TRIỆU HA LÚA ĐÔNG XUÂN Trong đó vùng Đồng bằng sông Cửu Long thu hoạch hơn 1,48 triệu ha, năng suất ước đạt 68,2 tạ/ha, tăng 0,4 tạ/ha so với vụ lúa đông xuân trước.
"
219,1,0,0,0,2,0,"XUẤT KHẨU GẠO GHI ĐIỂM Xuất khẩu gạo trở thành điểm sáng khi duy trì được mức tăng trưởng đáng kể về giá trị trong gần 11 tháng qua, đặc biệt, gạo Việt xuất khẩu được giá nhờ chất lượng gạo được nâng cao.
"
32,1,0,0,0,0,0,"VIỆT NAM ĐĂNG CAI TỔ CHỨC HỘI NGHỊ TOÀN CẦU HỆ THỐNG LƯƠNG THỰC THỰC PHẨM LẦN THỨ 4 Bộ NN&PTNT cho biết, Hội nghị toàn cầu Hệ thống lương thực thực phẩm lần thứ 4 dự kiến tổ chức từ ngày 24-28/4, tại Hà Nội với sự tham gia của nhiều bộ trưởng, thứ trưởng, trưởng ngành của các quốc gia, tổ chức quốc tế.
"
205,1,0,0,0,0,0,"VIỆT NAM CÓ 205 THƯƠNG NHÂN ĐỦ ĐIỀU KIỆN XUẤT KHẨU GẠO Theo Cục Xuất nhập khẩu (Bộ Công Thương), tính đến 18/1/2021, cả nước có 205 thương nhân đủ điều kiện kinh doanh xuất khẩu gạo.
"
284,1,1,1,0,0,1,"XUẤT KHẨU GẠO BASMATI CỦA ẤN ĐỘ DỰ KIẾN GIẢM MẠNH Tăng trưởng doanh thu của ngành công nghiệp sản xuất gạo Basmati của Ấn Độ sẽ suy giảm mạnh trong năm 2020 - 2021, do tác động tiêu cực của COVID-19 và lệnh phong tỏa kéo dài.
"
109,1,3,3,3,0,0,"GIỚI THƯƠNG LÁI ẤN ĐỘ SĂN LÙNG GẠO TÍCH TRỮ Lệnh cấm xuất khẩu lúa mì của chính phủ đã khiến giới kinh doanh lúa gạo tại quốc gia Nam Á tăng cường thu mua gạo vì lo ngại một lệnh cấm tương tự.
"
143,1,2,0,0,0,0,"GIẢM PHÁT THẢI TRONG SẢN XUẤT LÚA Ở ĐỒNG BẰNG SÔNG CỬU LONG Làm cách nào để giảm lượng phát thải trong sản xuất lúa, đồng thời vẫn đảm bảo an ninh lương thực và tăng thu nhập cho người nông dân vùng Đồng bằng sông Cửu Long
"
291,1,0,0,0,0,0,"GÓI THẦU 300.000 TẤN GẠO G2G CỦA PHILIPPINES: MỚI CHỈ ĐẠT 189.000 TẤN Philippines đã chính thức mở gói thầu 300.000 tấn gạo loại 25% tấm theo phương thức hợp đồng Chính phủ (G2G). Kết quả chỉ có 189.000 tấn gạo được 4 nước bỏ giá trong mức ngân sách.
"
176,1,3,0,0,2,0,"XUẤT KHẨU GẠO CHUYỂN DỊCH THEO HƯỚNG GIẢM LƯỢNG, TĂNG CHẤT Cơ cấu gạo xuất khẩu của Việt Nam tiếp tục chuyển dịch sang các loại gạo thơm, gạo chất lượng cao với giá bán và giá trị gia tăng cao hơn.
"
231,1,2,2,0,1,0,"HÀNG LOẠT YẾU TỐ THUẬN LỢI, XUẤT KHẨU GẠO CÓ CÁN ĐÍCH 7 TRIỆU TẤN NĂM 2020 Với việc giá gạo xuất khẩu tăng, cùng với hiệp định EVFTA đi vào hiệu lực, tạo điều kiện thuận lợi cho ngành gạo. Thứ trưởng Bộ NN&PTNT Lê Quốc Doanh cho biết từ nay đến cuối năm, ngành nông nghiệp sẽ cố gắng đạt mục tiêu xuất khẩu 6,5 - 7 triệu tấn gạo.
"
154,1,1,0,0,2,0,"DƯ LƯỢNG HÓA CHẤT VƯỢT QUY ĐỊNH, GẠO ST25 XUẤT ĐI BỈ PHẢI THU HỒI Nhiều sản phẩm nông sản và thủy sản xuất khẩu của Việt Nam bị EU cảnh báo vì có dư lượng hóa chất nông nghiệp vượt quá mức quy định, trong đó có 1 lô gạo ST25 bị thu hồi tại Bỉ.
"
285,1,2,0,0,0,0,"VỤ HÈ-THU SẼ CÓ KHOẢNG TỪ 2,3-2,5 TRIỆU TẤN GẠO CHO XUẤT KHẨU Theo ước tính ban đầu về cơ cấu giống từ các tỉnh, sau khi trừ lượng lúa gạo dùng tiêu thụ trong nước thì lượng gạo hàng hóa cho xuất khẩu khoảng 2,3-2,5 triệu tấn.
"
214,1,3,0,0,0,0,"GIÁ GẠO VIỆT NAM TĂNG 20 USD/TẤN TRONG THÁNG 10 Trong khi giá gạo 5% tấm của Thái Lan và Ấn Độ có xu hướng giảm trong tháng 10, thì gạo Việt Nam lại tăng mạnh do nguồn cung thu hẹp.
"
7,1,2,0,3,0,0,"THỊ TRƯỜNG TRẦM LẮNG, GIÁ GẠO GIẢM NHIỆT Những ngày cuối tháng 9, giá gạo VN và thế giới về quanh mốc 600 USD/tấn. Nếu so với đỉnh điểm cách đây một tháng, giá gạo đã giảm khoảng 40 USD/tấn. Điều gì làm giá gạo giảm nhanh và liệu sẽ còn kéo dài?"
281,1,1,0,2,2,0,"GIÁ TẠI VIỆT NAM GIẢM, TẠI ẤN ĐỘ TĂNG Giá gạo xuất khẩu của Việt Nam tuần này giảm bởi nhu cầu mua chậm lại và lo ngại về chất lượng gạo vụ này, trong bối cảnh đang vụ thu hoạch lúa. Trong khi đó, giá gạo Ấn Độ tăng từ mức thấp nhất 2 tháng do nhu cầu mạnh lên từ các khách hàng Châu Phi.
"
134,1,2,0,0,3,0,"GẦN 38% DIỆN TÍCH LÚA ĐÔNG XUÂN ĐÃ CÓ NƯỚC Tính đến 16h ngày 15/1, các địa phương khu vực Trung du và Đồng bằng Bắc Bộ đã lấy nước phục vụ gieo cấy lúa vụ Đông Xuân 2021-2022 đạt 191.260/506.558 ha, tương đương 37,76%.
"
44,1,3,0,3,0,0,"USDA DỰ KIẾN VIỆT NAM SẼ TĂNG XUẤT KHẨU GẠO KỶ LỤC TRONG NĂM 2023 USDA dự kiến Australia, Myanmar, Guyana, Paraguay, Thái Lan và Việt Nam sẽ tăng xuất khẩu gạo trong năm 2023. Xuất khẩu của Thái Lan dự kiến sẽ tăng 0,6 triệu tấn lên 8,2 triệu tấn, Việt Nam lên kỷ lục hơn 7 triệu tấn, chủ yếu do sự cạnh tranh từ các đối thủ là Ấn Độ và Pakistan giảm bớt.
"
258,1,3,0,3,1,0,"THỰC TRẠNG SẢN XUẤT LÚA GẠO CỦA CUBA Theo trang mạng “El Estado como tal” (Nhà nước chân thực), kể từ đầu tháng 7/2020, gạo bắt đầu trở nên khan hiếm tại Cuba và giá cả mặt hàng này tại thị trường “chợ đen” bắt đầu gia tăng.
"
171,1,1,0,1,0,1,"GIÁ LÚA GẠO HÔM NAY 31/7: LÚA HÈ THU NGÓNG GHE VỀ THU MUA, NÔNG DÂN SÓC TRĂNG, AN GIANG KÊU TRỜI Việc các thương lái, ghe không thể vào các địa phương đang thực hiện giãn cách xã hội khiến giá lúa gạo hôm nay 31/7 nhiều tỉnh ĐBSCL ít biến động. Trong khi đó, giá gạo xuất khẩu cũng giảm để tăng sức cạnh tranh.
"
18,1,3,3,1,0,0,"TẠI SAO LỆNH CẤM XUẤT KHẨU GẠO CỦA ẤN ĐỘ LẠI TÁC ĐỘNG QUAN TRỌNG ĐỐI VỚI THƯƠNG MẠI TOÀN CẦU? Ngày 20/7, Ấn Độ đã quyết định cấm xuất khẩu gạo trắng non-basmati, sửa đổi chính sách từ “miễn thuế xuất khẩu 20%"" thành ""cấm"" và có hiệu lực ngay lập tức"
311,1,3,0,0,0,0,"GIÁ LÚA TĂNG NHẸ SAU QUYẾT ĐỊNH CHO XUẤT KHẨU GẠO TRỞ LẠI Giá lúa ở ĐBSCL đang tăng nhẹ, cụ thể ngày 5-5, giá lúa tăng từ 200 - 400 đồng/kg so với tuần cuối tháng 4-2020. Thương lái mua lúa phơi khô, giống OM 5451 và Đài Thơm với giá 7.000 đồng/kg.
"
287,1,1,0,1,0,0,"GIÁ GẠO VIỆT NAM GIAO DỊCH Ở MỨC THẤP NHẤT TRONG HAI THÁNG Nguồn cung ngày càng tăng đã gây sức ép lên giá gạo Việt Nam khiến giá gạo 5% tấm của Việt Nam đã giảm xuống mức thấp nhất trong gần hai tháng là 450 USD/tấn.
"
133,1,1,1,0,0,0,"HÀN QUỐC PHẨN BỔ NHẬP HƠN 55.000 TẤN GẠO TỪ VIỆT NAM THEO HẠN NGẠCH THUẾ QUAN Hàn Quốc vừa ra thông báo, trong năm 2022, nước này phân bổ 388.700 tấn gạo nhập khẩu theo cơ chế hạn ngạch quốc gia cho 5 nước gồm: Trung Quốc, Hoa kỳ, Việt Nam, Thái Lan và Úc. Trong đó, Việt Nam được phân bổ 55.112 tấn gạo được nhập khẩu vào Hàn Quốc với mức ưu đãi 5%...
"
107,1,0,0,0,3,0,"CON TÔM ÔM CÂY LÚA' CÙNG PHÁT TRIỂN BỀN VỮNG Diện tích canh tác mô hình tôm - lúa ở Đồng bằng sông Cửu Long hiện đã đạt hơn 200.000 ha, bình quân lợi nhuận 110 triệu/ha/năm. Qua triển khai nhiều năm, tôm – lúa được đánh giá là mô hình phát triển bền vững đem lại thu nhập cao cho người nông dân ở vùng ven biển Đồng bằng sông Cửu Long, nhưng vẫn còn nhiều bất cập, khó khăn về tổ chức sản xuất, kỹ thuật…
"
155,1,2,3,2,0,1,"XUẤT CẤP HƠN 75.000 TẤN GẠO HỖ TRỢ NGƯỜI DÂN Tổng cục Dự trữ Nhà nước (Bộ Tài chính) vừa có công văn gửi UBND 9 tỉnh, thành phố phía Nam về việc xuất cấp 75.413 tấn gạo từ nguồn dự trữ Quốc gia để hỗ trợ người dân gặp khó khăn do bị tác động của đại dịch COVID-19.
"
348,1,3,3,0,0,0,"HÀN QUỐC SẼ ÁP DỤNG MỨC SUẤT THUẾ ƯU ĐÃI 5% CHO HƠN 55.000 TẤN GẠO VIỆT TỪ NĂM 2020 Theo Bộ Công Thương, các doanh nghiệp cần chủ động phương án sản xuất, kinh doanh để tận dụng hiệu quả cơ hội từ các đợt đấu thầu nhập khẩu gạo của Hàn Quốc trong năm 2020.
"
82,1,1,0,0,0,2,"ĐBSCL: HÀNG NGÀN HÉCTA LÚA BỊ THIỆT HẠI NẶNG DO MƯA DÔNG Trong những ngày qua, ở ĐBSCL, có hàng ngàn hécta lúa hè thu đang chín và lúa hè thu mới xuống giống bị thiệt hại nặng do mưa dông. Nhiều diện tích lúa đổ ngã bị ngập nước, lúa lên mộng; nông dân phải dùng dây buộc, dựng bông lúa lên khỏi mặt nước để hạn chế lên mộng.
"
301,1,1,0,0,0,0,"GIÁ THÁI LAN GIẢM KHI NHU CẦU CHUYỂN HƯỚNG SANG ẤN ĐỘ, VIỆT NAM Giá gạo xuất khẩu của Thái Lan giảm sau khi ghi nhận nguồn cung mới được đưa vào thị trường trong khi phải đối mặt với sự cạnh tranh gay gắt từ những nguồn cung rẻ hơn từ Ấn Độ và Việt Nam.
"
340,1,3,1,3,0,1,"XUẤT KHẨU GẠO ẤN ĐỘ CHẬT VẬT VÌ LỆNH ĐÓNG CỬA CẢ NƯỚC CHỐNG COVID-19 Các thương nhân Ấn Độ không thể kí hợp đồng xuất khẩu mới vì hoạt động vận chuyển bị chặn, trong khi nhu cầu đang cao và giá gạo Thái Lan tăng vọt.
"
140,1,2,3,2,0,0,"TỪ NĂM 2022, ĐẤU THẦU MUA GẠO DỰ TRỮ QUỐC GIA QUA MẠNG Thông tin trên được Vụ trưởng Vụ Quản lý hàng dự trữ (Tổng cục Dự trữ Nhà nước) Phạm Việt Hà cung cấp tại buổi họp báo chuyên đề do Tổng cục Dự trữ Nhà nước tổ chức chiều 23-12.
"
120,1,3,0,0,3,0,"ỨNG PHÓ VỚI GIÁ VẬT TƯ NÔNG NGHIỆP TĂNG Bên cạnh các giải pháp hạ nhiệt giá phân bón thì vấn đề sử dụng phân bón tiết kiệm, áp dụng mô hình sản xuất nông nghiệp hiện đại đang đặt ra bức thiết hơn bao giờ hết
"
14,1,3,0,3,1,0,"XUẤT KHẨU GẠO: KÉO DÀI ĐÀ TĂNG TRƯỞNG Chỉ trong 5 tháng đầu năm, xuất khẩu gạo của Việt Nam đã đạt 3,62 triệu tấn, là một trong những mặt hàng hiếm hoi có kim ngạch xuất khẩu tăng trong bối cảnh khó khăn chung. Dự báo trong những tháng tiếp theo, gạo vẫn sẽ là một trong những mặt hàng xuất khẩu chủ lực của Việt Nam khi nhu cầu lương thực trên thế giới tăng cao."
41,1,3,2,3,0,0,"GẠO VIỆT NAM NGÀY CÀNG ĐƯỢC ƯA CHUỘNG TẠI ANH Các công ty Anh đang quan tâm nhiều hơn đến gạo Việt Nam do nhu cầu ngày một tăng và các ưu đãi từ Hiệp định thương mại tự do Anh - Việt Nam (UKVFTA).
"
92,1,2,0,0,3,0,"NGÀNH GẠO BỊ ÁP LỰC CHI PHÍ Trong khi giá lúa mì, bắp... lên cơn sốt thì giá gạo vẫn đứng yên dù chi phí sản xuất, vận chuyển tăng vọt
"
346,1,3,0,0,0,1,"GIÁ GẠO, LÚA MÌ THẾ GIỚI TĂNG CAO DO TÁC ĐỘNG CỦA ĐẠI DỊCH COVID-19 Giá của các loại thực phẩm chính, đặc biệt là gạo và lúa mỳ, đang tăng cao trên thị trường thế giới do tác động của đại dịch COVID-19.
"
11,1,3,0,3,0,2,"GIÁ GẠO XUẤT KHẨU CAO NHẤT 10 NĂM Nguồn cung gạo trên thế giới giảm, El Nino khiến nhiều quốc gia đua nhập gạo Việt đẩy giá lên cao nhất 10 năm.
"
186,1,2,0,0,1,0,"CÁC GIỐNG LÚA OM ĐƯỢC NÔNG DÂN LỰA CHỌN SẢN XUẤT LÚA GẠO HÀNG HÓA CHẤT LƯỢNG CAO Hiện nay, các giống lúa OM do Viện Lúa ÐBSCL nghiên cứu, lai tạo đang được nông dân chọn để gieo trồng vì cho sản phẩm lúa gạo chất lượng cao đáp ứng nhu cầu thị trường.
"
216,1,0,0,0,0,0,BẢN TIN THỊ TRƯỜNG LÚA GẠO THÁNG 10/2020 BẢN TIN THỊ TRƯỜNG LÚA GẠO THÁNG 10/2020
0,1,3,0,0,1,0,"VIỆT NAM ĐANG XUẤT NHIỀU GẠO NHẤT THẾ GIỚI VN đang là nước xuất khẩu gạo nhiều và giá cao nhất thế giới. Chỉ tính riêng trong tháng 8, VN đã xuất khẩu gần 1 triệu tấn, mang về nguồn thu hơn nửa tỉ USD."
310,1,0,1,3,0,0,"CÁC VÙNG SẢN XUẤT CHÍNH CỦA TRUNG QUỐC ĐANG KÊU GỌI NGƯỜI DÂN SẢN XUẤT TĂNG VỤ ĐỂ ĐẢM BẢO AN NINH LƯƠNG THỰC Các vùng sản xuất chính của Trung Quốc đang kêu gọi người dân sản xuất tăng vụ để đảm bảo an ninh lương thực
"
4,1,3,0,3,0,0,"GIÁ GẠO TĂNG NHANH, GIỚI BUÔN THẬN TRỌNG NHẬP HÀNG Một tuần qua, giá gạo tại các chợ ở miền Tây tiếp tục tăng nhanh, mỗi ngày một giá khiến người bán lo lỗ khi nhập thêm nếu giá quay đầu giảm."
